vessel_name,mmsi,imo,vtype,lat,lng,course,speed,nav_status,received,callsign,ais_type,vessel_type,size_a,size_b,size_c,size_d,draught,flag,flag_mid,gt,dwt,built,destination,eta,current_port,current_port_id,current_port_unloco,current_port_country,current_port_arr_utc,current_port_arr_local,last_port,last_port_id,last_port_unloco,last_port_country,last_port_dep_utc,last_port_dep_local,next_port,next_port_id,next_port_unloco,next_port_country,next_port_eta_utc,next_port_eta_local,avg_sog,max_sog,distance_covered,wind_knots,wind_direction,humidity,pressure,temperature,visibility
AVISOA,253198000,,8,-13.81724,47.57211,26.0,10.1,0,2024-09-12T20:28:36Z,LXCA,80,Tanker,96,23,16,1,5.0,LU,253,,,,MG MGA,,,,,,,,TOAMASINA,6985,MGTOA,Madagascar,2025-05-02T20:45:26Z,2025-05-02T23:45:26,,,,,,,10.9,13.2,414.17,2,W,76.3,1009.9,28.2,24135.1
NORD OCEANIA,355280000,9747120.0,8,18.41686,-70.01914,202.0,0.7,0,2025-05-04T09:45:49Z,3FKL5,80,Tanker,145,36,21,11,10.3,PA,355,,,,RIO HAINA,2025-05-04T05:00:00.000Z,RIO HAINA,6952.0,DOHAI,Dominican Rep,2025-05-04T09:16:19Z,2025-05-04T05:16:19,ST CROIX,7089,VILIB,US Virgin Is,2025-05-03T02:52:40Z,2025-05-02T22:52:40,,,,,,,,,,5,NNW,90.2,1013.9,21.4,24135.1
KOUROS GLORY,354858000,9478793.0,7,33.60873,-7.61216,217.0,0.0,5,2025-05-04T11:05:59Z,3EWC2,70,Bulk Carrier,162,28,19,13,10.0,PA,354,31246.0,55654.0,2011.0,MA CAS,2025-05-04T08:00:00.000Z,CASABLANCA,3290.0,MACAS,Morocco,2025-05-04T08:44:34Z,2025-05-04T09:44:34,SAN LORENZO,6777,ARSLO,Argentina,2025-03-30T00:34:55Z,2025-03-29T21:34:55,,,,,,,,,,8,WNW,44.1,1017.4,22.3,24135.1
KOTA NABIL,565795000,9356830.0,7,1.2567,103.40351,313.7,14.6,0,2025-05-04T09:24:12Z,9VFX3,70,Container Ship,139,40,22,6,11.2,SG,565,20902.0,26000.0,2008.0,TZDAR,2025-05-14T22:00:00.000Z,,,,,,,NANSHA,4188,CNNSA,China,2025-04-29T11:04:37Z,2025-04-29T19:04:37,DAR ES SALAAM,3427.0,TZDAR,Tanzania,2025-05-15T18:35:46Z,2025-05-15T21:35:46,12.5,16.6,1512.06,2,SSW,71.2,1006.4,29.1,24135.1
MAERSK NANSHA,477111700,9385996.0,7,49.51428,-4.91161,250.4,17.3,0,2025-04-26T00:00:23Z,VREI3,70,Container Ship,193,16,6,24,9.7,HK,477,26404.0,34194.0,2008.0,MXVER,2025-05-06T23:00:00.000Z,,,,,,,BREMERHAVEN,107,DEBRV,Germany,2025-04-24T07:24:25Z,2025-04-24T09:24:25,VERACRUZ,6569.0,MXVER,Mexico,2025-05-06T23:00:00Z,2025-05-06T17:00:00,16.0,19.9,3872.9,22,ENE,72.3,1017.8,11.6,24135.1
CP SHENZHEN,538006959,,7,17.48737,-102.06031,114.0,10.6,0,2025-04-25T10:45:26Z,V7TF9,70,Cargo,169,30,20,13,12.0,MH,538,,,,SV AQJ,,,,,,,,YANGJIANG,4109,CNYJI,China,2025-03-10T09:25:59Z,2025-03-10T17:25:59,ACAJUTLA,7155.0,SVAQJ,El Salvador,,,10.0,11.9,6539.19,7,ESE,71.0,1009.9,26.5,24135.1
AMELIE,636092737,9647289.0,7,53.50455,8.5107,219.0,0.1,5,2025-05-04T11:05:53Z,D5MH2,70,Bulk Carrier,151,29,21,9,7.9,LR,636,24187.0,35000.0,2013.0,NORDENHAM,2026-04-27T12:30:00.000Z,NORDENHAM,1407.0,DENHA,Germany,2025-04-29T14:04:42Z,2025-04-29T16:04:42,ANTWERP,91,BEANR,Belgium,2025-04-26T09:19:20Z,2025-04-26T11:19:20,,,,,,,,,,16,NW,68.4,1011.2,9.8,24135.1
INTAN T2801,566331000,,3,1.16045,103.91693,511.0,1.7,15,2025-03-24T23:46:44Z,9V7152,52,Tug,8,3,2,2,,SG,566,,,,,,,,,,,,TUTICORIN,3650,INTUT,India,2025-03-01T04:30:53Z,2025-03-01T10:00:53,,,,,,,3.7,5.2,1762.46,8,SW,72.5,1006.3,29.2,24135.1
LASALLE,636019256,9349368.0,7,-4.6269,55.4644,311.0,0.0,5,2025-05-01T12:52:53Z,D5TQ9,70,Container Ship,150,50,12,20,10.0,LR,636,27213.0,32878.0,2006.0,MG TOA,2025-04-23T20:30:00.000Z,,,,,,,TOAMASINA,6985,MGTOA,Madagascar,2025-04-25T02:58:57Z,2025-04-25T05:58:57,,,,,,,14.2,17.3,1749.27,5,SSE,71.2,1008.1,28.9,24135.1
HEBRIDEAN SKY,311000253,8802882.0,6,38.01358,12.50847,291.0,0.0,5,2025-05-04T11:06:14Z,C6BG2,69,Passengers Ship,21,69,2,14,4.3,BS,311,4200.0,645.0,1991.0,IT TPS,2025-05-04T06:45:00.000Z,TRAPANI,2039.0,ITTPS,Italy,2025-05-04T05:50:20Z,2025-05-04T07:50:20,CAGLIARI,116,ITCAG,Italy,2025-05-03T15:42:54Z,2025-05-03T17:42:54,,,,,,,,,,11,S,46.6,1014.8,21.3,24135.1
MEGHNA FREEDOM,405000336,9622813.0,7,59.8063,28.4079,182.0,0.1,1,2025-05-02T13:02:20Z,S2BK4,70,Bulk Carrier,168,22,20,12,6.4,BD,405,31200.0,56088.0,2013.0,RUULU,2026-04-30T10:00:00.000Z,,,,,,,KLAIPEDA,5856,LTKLJ,Lithuania,2025-04-18T11:56:16Z,2025-04-18T14:56:16,UST-LUGA,3050.0,RUULU,Russia,2026-04-30T10:00:00Z,2026-04-30T13:00:00,16.8,16.8,809.1,7,WNW,50.9,1000.2,8.1,24135.1
MAERSK NILE,477071700,9385972.0,7,58.76758,-4.65333,277.0,16.2,0,2025-04-27T04:40:28Z,VRDY5,70,Container Ship,195,14,6,24,10.5,HK,477,26404.0,34194.0,2008.0,NEWARK,2025-05-05T06:00:00.000Z,,,,,,,BREMERHAVEN,107,DEBRV,Germany,2025-04-25T18:23:33Z,2025-04-25T20:23:33,NEW YORK,313.0,USNYC,USA,2025-05-06T06:38:26Z,2025-05-06T02:38:26,16.6,24.0,3104.87,13,N,67.4,1026.7,6.4,24135.1
IVS PRESTWICK,563092700,9870886.0,7,25.87135,51.74341,350.0,0.0,1,2025-05-02T07:04:41Z,9V6323,70,Cargo,173,27,21,11,6.6,SG,563,,,,QA RLF,2026-04-29T03:00:00.000Z,,,,,,,JINGTANG,4205,CNTAS,China,2025-03-10T02:54:00Z,2025-03-10T10:54:00,RAS LAFFAN,5836.0,QARLF,Qatar,2026-04-29T03:00:00Z,2026-04-29T06:00:00,10.9,14.8,4630.93,4,NNE,60.8,1003.2,29.9,24135.1
IVS ATSUGI,548685000,9838527.0,7,51.15287,3.78045,203.0,0.0,5,2024-11-01T10:27:24Z,DYCU,70,Cargo,172,28,20,12,7.7,PH,548,,,,NLRTM > BEGNT,2025-10-30T14:00:00.000Z,GENT,182.0,BEGNE,Belgium,2024-10-30T14:26:41Z,2024-10-30T15:26:41,BOTLEK - ROTTERDAM,1193,NLBOT,Netherlands,2024-10-30T02:01:58Z,2024-10-30T03:01:58,ROTTERDAM CENTRUM,1142.0,,Netherlands,2025-10-30T14:00:00Z,2025-10-30T15:00:00,,,,14,N,50.2,1015.4,13.1,24135.1
AMU JAMEEL,636019515,9282168.0,7,-6.33796,39.31012,138.0,0.0,1,2025-04-26T10:27:32Z,D5UW3,70,General Cargo,131,16,11,12,9.1,LR,636,9528.0,12930.0,2004.0,FHUMBA,,,,,,,,MOMBASA,3429,KEMBA,Kenya,2025-04-22T15:01:26Z,2025-04-22T18:01:26,,,,,,,11.0,12.3,187.84,6,SSE,72.8,1010.3,28.6,22985.1
KOTA NIPAH,566118000,9593696.0,7,5.83976,80.06764,273.5,15.5,0,2025-04-25T23:15:37Z,9V9332,70,Container Ship,139,41,23,5,10.3,SG,566,20902.0,25944.0,2011.0,DJJIB,2025-05-02T10:00:00.000Z,,,,,,,DJIBOUTI,3430,DJJIB,Djibouti,2025-05-02T21:50:18Z,2025-05-03T00:50:18,,,,,,,12.8,14.7,462.22,11,W,74.8,1006.2,29.4,24135.1
MAHATSANGY,253128000,9530395.0,7,36.13024,-5.4183,179.0,0.0,5,2024-12-20T09:06:22Z,LXMH,79,Cargo,96,24,14,3,5.5,LU,253,,,,ES ALG,2024-12-10T15:00:00.000Z,ALGECIRAS,87.0,ESALG,Spain,2024-12-12T14:58:43Z,2024-12-12T15:58:43,DURBAN,149,ZADUR,South Africa,2024-11-16T11:07:28Z,2024-11-16T13:07:28,,,,,,,,,,11,W,56.3,1016.4,19.1,24135.1
ALPHA SAMUDRA 1,255806240,9504293.0,7,1.17744,103.95939,78.0,0.1,1,2024-03-26T08:24:13Z,YDIW3,70,Bulk Carrier,161,29,15,18,5.4,PT,255,33218.0,57305.0,2009.0,BATAM,2024-03-23T12:40:00.000Z,,,,,,,TOAMASINA,6985,MGTOA,Madagascar,2024-01-17T16:37:44Z,2024-01-17T19:37:44,,,,,,,6.1,12.1,55.8,8,SW,72.5,1006.3,29.2,24135.1
IVS PEBBLE BEACH,548667000,9838515.0,7,25.46732,55.31115,102.0,0.1,1,2024-08-08T16:18:11Z,DYAQ,70,Cargo,172,28,20,12,6.6,PH,548,,,,AE SHJ,2024-08-07T02:00:00.000Z,,,,,,,MINA SAQR,3511,AEMSA,UAE,2024-08-06T20:37:05Z,2024-08-07T00:37:05,,,,,,,10.9,14.0,63.51,9,W,69.3,1003.2,29.9,24135.1
HAFNIA PROVIDENCE,563154400,9737759.0,8,24.68579,57.08908,135.7,11.1,0,2025-04-20T10:57:16Z,9V7898,80,Tanker,181,39,10,28,12.0,SG,563,,,,AE FJR > GB AVO,2025-05-26T14:01:00.000Z,,,,,,,AL JUBAIL,3450,SAJUB,Saudi Arabia,2025-04-17T22:56:22Z,2025-04-18T01:56:22,AVONMOUTH,96.0,GBAVO,United Kingdom,2025-05-26T14:01:00Z,2025-05-26T15:01:00,11.0,12.9,4373.95,2,ENE,53.0,1001.1,34.3,24135.1
MSC KRITTIKA,354725000,9051507.0,7,-29.7335,31.20888,211.0,7.3,0,2025-05-04T11:08:06Z,H3RV,70,Container Ship,177,25,14,18,10.3,PA,354,30971.0,42400.0,1994.0,ZAPLZ,2025-05-05T09:00:00.000Z,,,,,,,PORT LOUIS,7192,MUPLU,Mauritius,2025-04-27T15:53:28Z,2025-04-27T19:53:28,PORT ELIZABETH,3392.0,ZAPLZ,South Africa,2025-05-06T15:50:11Z,2025-05-06T17:50:11,9.6,18.4,1877.82,4,ENE,64.4,1024.4,18.9,24135.1
ARIES KARIN,356250000,9894478.0,7,54.0665,7.48296,30.0,0.1,1,2025-05-03T18:05:57Z,H8TO,70,Cargo,170,29,22,10,10.6,PA,356,,,,DE BRE,2025-05-02T20:30:00.000Z,,,,,,,NARVIK,309,NONVK,Norway,2025-04-29T01:12:12Z,2025-04-29T03:12:12,BREMEN,1406.0,DEBRE,Germany,2025-05-02T20:30:00Z,2025-05-02T22:30:00,11.3,15.0,1082.9,19,NW,73.0,1011.5,8.8,24135.1
BOLETTE,311000986,9188037.0,6,57.41518,-6.14933,252.0,4.4,0,2025-05-04T05:09:31Z,C6ES3,69,Passengers Ship,70,168,16,16,8.1,BS,311,62735.0,7327.0,2000.0,GB PRT,2025-05-04T05:00:00.000Z,,,,,,,LIVERPOOL,274,GBLIV,United Kingdom,2025-05-02T16:57:55Z,2025-05-02T17:57:55,PORTREE,2343.0,GBPRT,United Kingdom,2025-05-04T05:00:00Z,2025-05-04T06:00:00,10.4,14.6,377.7,13,NNE,58.6,1026.1,7.5,24135.1
AMORY,647801301,8608597.0,7,-18.13088,49.41985,511.0,0.0,1,2018-11-20T11:38:54Z,5SAE,70,Reefer,97,28,8,8,5.8,MG,647,4790.0,5589.0,1986.0,TOAMASINA,2021-05-29T12:00:00.000Z,TOAMASINA,6985.0,MGTOA,Madagascar,2025-05-02T13:28:08Z,2025-05-02T16:28:08,TOAMASINA,6985,MGTOA,Madagascar,2025-05-01T15:34:39Z,2025-05-01T18:34:39,,,,,,,,,,5,ESE,65.5,1011.7,27.3,24135.1
BIOSTAR 507,677046600,,10,1.20094,103.60271,282.7,4.7,15,2024-10-03T06:48:33Z,5IM566,30,Fishing,40,10,5,1,,TZ,677,,,,,,,,,,,,SINGAPORE,386,SGSIN,Singapore,2024-10-03T04:20:23Z,2024-10-03T12:20:23,,,,,,,5.2,7.7,1617.34,2,SSW,71.2,1006.4,29.1,24135.1
KOTA JOHAN,477021100,9641003.0,7,-20.10881,57.3035,277.9,13.1,0,2024-09-24T13:17:47Z,VRQR6,70,Cargo,131,41,21,9,9.6,HK,477,,,,MG TMM,2024-09-26T08:00:00.000Z,TOAMASINA,6985.0,MGTOA,Madagascar,2024-09-26T18:56:57Z,2024-09-26T21:56:57,PORT LOUIS,7192,MUPLU,Mauritius,2024-09-24T12:34:41Z,2024-09-24T16:34:41,,,,,,,,,,4,SW,77.0,1010.7,26.8,24135.1
HOEGH TRANSPORTER,257712000,9176395.0,7,9.46424,-79.85354,208.0,0.5,1,2025-05-04T11:05:12Z,LAKO7,79,Vehicles Carrier,37,163,10,22,8.7,NO,257,57757.0,16747.0,1999.0,USJAX,2025-04-27T22:30:00.000Z,,,,,,,DUNDALK,6380,USDDQ,USA,2025-04-25T04:19:07Z,2025-04-25T00:19:07,JACKSONVILLE,6143.0,USJAX,USA,2025-04-27T22:30:00Z,2025-04-27T18:30:00,13.2,17.3,2255.46,1,S,86.8,1010.1,25.3,24135.1
BBC FUJI,304053000,9508419.0,7,24.9929,55.07374,226.0,0.0,0,2025-05-04T11:08:09Z,V2HV4,70,General Cargo,115,11,5,17,6.5,AG,304,8255.0,9266.0,2011.0,JEBEL ALI,2025-05-03T06:00:00.000Z,JEBEL ALI,228.0,AEJEA,UAE,2025-05-03T20:38:49Z,2025-05-04T00:38:49,CAPE TOWN,122,ZACPT,South Africa,2025-04-15T00:13:44Z,2025-04-15T02:13:44,,,,,,,,,,12,W,53.8,1003.0,31.7,24135.1
SC MONTREAL,636018193,9311830.0,7,1.29926,104.3432,47.3,15.5,0,2025-05-03T19:06:05Z,A8IY6,78,Container Ship,197,10,0,30,7.3,LR,636,25406.0,33794.0,2004.0,CNNBG,2025-05-11T10:00:00.000Z,,,,,,,SALALAH,3477,OMSLL,Oman,2025-04-23T02:51:38Z,2025-04-23T06:51:38,NINGBO,4210.0,CNNGB,China,2025-05-09T21:40:24Z,2025-05-10T05:40:24,12.7,20.7,3416.46,6,SSW,72.6,1006.2,29.8,24135.1
MSC HINA,636017056,9062984.0,7,-33.66432,18.15818,316.7,13.5,0,2025-01-31T13:47:00Z,D5JC2,70,Container Ship,173,14,22,8,8.5,LR,636,23540.0,30621.0,1994.0,LUANDA,2025-05-02T16:00:00.000Z,,,,,,,DOUALA,3353,CMDLA,Cameroon,2025-05-04T11:00:57Z,2025-05-04T12:00:57,,,,,,,,,,3,SSW,48.5,1018.9,17.0,24135.1
MAERSK DOUALA,563035100,9299032.0,7,25.38795,55.0847,257.0,0.0,1,2024-05-29T21:25:33Z,9V5667,79,Container Ship,190,18,12,18,7.0,SG,563,25406.0,33783.0,2004.0,ANCHORAGE,2024-05-28T15:00:00.000Z,,,,,,,JEBEL ALI,228,AEJEA,UAE,2024-05-28T13:02:25Z,2024-05-28T17:02:25,,,,,,,8.4,14.2,26.35,12,W,70.3,1003.1,29.7,24135.1
HOEGH KOBE,565234000,9330616.0,7,1.26734,104.25973,80.4,14.6,0,2024-07-14T11:38:35Z,9VMC2,70,Vehicles Carrier,23,176,13,19,7.3,SG,565,59705.0,19670.0,2006.0,SGSIN > CNWEI,2024-07-22T22:00:00.000Z,WEIHAI,4101.0,CNWEI,China,2024-07-24T08:22:43Z,2024-07-24T16:22:43,SINGAPORE,386,SGSIN,Singapore,2024-07-14T09:03:51Z,2024-07-14T17:03:51,,,,,,,,,,6,SSW,72.6,1006.2,29.8,24135.1
SOLAR ROMA,636020364,9887372.0,8,27.56697,49.19816,89.0,0.0,5,2025-04-29T23:42:30Z,D5YW4,80,Tanker,132,37,5,20,9.9,LR,636,,,,SARAZ,2025-04-27T23:59:00.000Z,RAS AL KHAIR,3453.0,SARAZ,Saudi Arabia,2025-04-28T01:25:28Z,2025-04-28T04:25:28,AL JUBAIL,3450,SAJUB,Saudi Arabia,2025-04-27T17:09:59Z,2025-04-27T20:09:59,,,,,,,,,,5,ESE,38.4,1003.1,33.1,24135.1
IVS NORTH BERWICK,563850000,9740902.0,7,25.37245,56.47466,182.0,0.2,1,2025-04-26T06:46:34Z,9V3774,70,Cargo,173,27,20,12,6.6,SG,563,,,,AE KLF,2025-04-21T14:30:00.000Z,,,,,,,NARVIK,309,NONVK,Norway,2024-12-18T13:36:53Z,2024-12-18T14:36:53,,,,,,,10.9,15.9,10435.15,10,N,53.2,1001.5,33.8,24135.1
KOTA NASRAT,563137800,9494620.0,7,2.17678,101.98833,310.0,14.5,0,2025-04-13T09:23:10Z,9V7346,70,Cargo,140,40,24,4,9.3,SG,563,,,,MGTMM,2025-04-24T12:00:00.000Z,,,,,,,TOAMASINA,6985,MGTOA,Madagascar,2025-04-27T12:11:16Z,2025-04-27T15:11:16,,,,,,,12.0,19.2,1240.35,9,NW,75.7,1006.0,28.6,24135.1
MSC   ALEXA,356904000,9129873.0,7,24.66841,56.89858,166.8,12.7,0,2024-10-22T05:10:51Z,3FPP6,70,Container Ship,219,24,8,25,10.9,PA,356,42307.0,50855.0,1996.0,INHZA,2024-10-26T00:30:00.000Z,,,,,,,KHALIFA,3494,,UAE,2024-10-21T08:49:25Z,2024-10-21T12:49:25,,,,,,,12.3,15.8,1614.85,2,ENE,53.0,1001.1,34.3,24135.1
MSC DAR ES SALAAM 3,636020712,9158525.0,7,7.55316,-79.6398,225.0,15.0,0,2025-04-15T20:10:41Z,5LAI5,79,Container Ship,195,12,22,8,6.5,LR,636,25637.0,33751.0,1999.0,PAROD,2025-04-08T01:00:00.000Z,,,,,,,RODMAN,6897,PAROD,Panama,2025-04-15T13:37:20Z,2025-04-15T08:37:20,,,,,,,14.8,17.4,880.83,8,NW,82.4,1009.7,26.8,24135.1
MARITIME SUZANNE,477009000,9221023.0,8,1.25319,104.07962,84.3,11.9,0,2025-04-28T17:34:11Z,VRXL9,80,Oil/Chemical Tanker,147,33,17,15,10.0,HK,477,29211.0,44363.0,2002.0,PH CGY,2025-05-03T04:00:00.000Z,,,,,,,JURONG ISLAND,4009,,Singapore,2025-04-28T11:30:11Z,2025-04-28T19:30:11,CAGAYAN DE ORO,5416.0,PHCGY,Philippines,2025-05-03T04:00:00Z,2025-05-03T12:00:00,8.9,13.0,126.07,8,SW,72.5,1006.3,29.2,24135.1
KOTA NALURI,563677000,9362308.0,7,18.64739,39.85801,157.3,15.3,0,2025-04-26T21:54:51Z,9VHP2,70,Container Ship,138,42,18,10,8.9,SG,563,20902.0,25985.0,2008.0,SOBBO,2025-04-28T04:00:00.000Z,,,,,,,MUNDRA,305,INMUN,India,2025-05-04T06:02:51Z,2025-05-04T11:32:51,BERBERA,3419.0,SOBBO,Somalia,2025-04-28T04:00:00Z,2025-04-28T07:00:00,15.0,17.2,67.33,17,NW,57.1,1009.0,28.2,24135.1
MSC GRETA III,636021356,9415296.0,7,-33.71055,18.2057,318.3,13.1,0,2025-04-28T13:38:31Z,D5PT8,70,Container Ship,195,16,7,25,9.3,LR,636,32269.0,38635.0,2008.0,NG TIN,2025-05-07T00:01:00.000Z,,,,,,,CAPE TOWN,122,ZACPT,South Africa,2025-04-28T12:09:48Z,2025-04-28T14:09:48,LAGOS,3346.0,NGLOS,Nigeria,2025-05-06T10:55:59Z,2025-05-06T11:55:59,13.8,17.4,1960.2,3,SSW,48.5,1018.9,17.0,24135.1
PORT ALICE,477351600,9311402.0,7,1.25243,103.87378,54.0,0.0,1,2025-04-03T04:32:28Z,VRIC6,70,Bulk Carrier,148,27,19,11,5.9,HK,477,19791.0,31871.0,2005.0,SGSIN PEBGA,2026-03-27T03:00:00.000Z,,,,,,,GWANGYANG,5505,KRKAN,Korea,2025-03-11T22:29:59Z,2025-03-12T07:29:59,SINGAPORE,386.0,SGSIN,Singapore,2025-03-27T03:00:00Z,2025-03-27T11:00:00,10.8,15.7,3357.5,5,SW,72.5,1006.4,29.0,24135.1
BBC EAGLE,305343000,9407574.0,7,1.25148,104.13197,81.7,15.1,0,2025-05-04T01:14:35Z,V2DU9,79,General Cargo,127,12,9,11,5.5,AG,305,8750.0,10340.0,2008.0,LAEM CHABANG,2025-05-06T07:00:00.000Z,,,,,,,PORT KLANG,5709,MYPKG,Malaysia,2025-05-02T13:58:33Z,2025-05-02T21:58:33,LAEM CHABANG,3675.0,THLCH,Thailand,2025-05-06T08:48:47Z,2025-05-06T15:48:47,10.2,15.6,304.22,6,SSW,72.6,1006.2,29.8,24135.1
SEATREASURE,229289000,9629548.0,8,25.20475,56.4557,56.0,0.0,1,2025-05-04T08:45:04Z,9HA3207,80,Oil/Chemical Tanker,149,34,10,22,8.7,MT,229,29925.0,50908.0,2013.0,QAUMS>>AEFJR,2025-05-04T04:00:00.000Z,,,,,,,MESAIEED,5834,QAMES,Qatar,2025-05-02T08:31:19Z,2025-05-02T11:31:19,FUJAIRAH,3510.0,AEFJR,UAE,2025-05-04T04:00:00Z,2025-05-04T08:00:00,10.0,14.0,454.43,10,N,53.2,1001.5,33.8,24135.1
HOEGH NEW YORK,257560000,9295830.0,7,34.05342,128.33685,229.0,16.0,0,2025-03-21T13:55:03Z,LAUA7,70,Vehicles Carrier,40,160,19,13,8.5,NO,257,57280.0,15880.0,2005.0,CNTAC,2025-03-22T14:00:00.000Z,QINGDAO,4157.0,CNQDG,China,2025-03-25T10:34:03Z,2025-03-25T18:34:03,TAICANG,4215,CNTAG,China,2025-03-23T23:16:57Z,2025-03-24T07:16:57,,,,,,,,,,12,WSW,67.9,1015.2,15.9,24135.1
BANGLAR AGRADOOT,405000238,9793868.0,8,1.16796,103.71895,141.0,0.1,1,2025-05-04T11:05:47Z,S2AI2,80,Tanker,150,35,10,18,8.5,BD,405,,,,SG ASSPU,2025-05-01T10:00:00.000Z,,,,,,,MAILIAO,5786,TWMLI,Taiwan,2025-03-26T11:06:06Z,2025-03-26T19:06:06,JURONG ISLAND,4009.0,,Singapore,2025-05-01T10:00:00Z,2025-05-01T18:00:00,10.5,14.4,4653.14,5,SW,72.5,1006.4,29.0,24135.1
M/V AFRICA MERCY,248428000,7803188.0,3,-29.75362,31.7765,79.9,10.0,0,2025-02-05T13:59:59Z,9HEC6,60,Hospital Ship,20,132,12,11,5.7,MT,248,16572.0,4150.0,1980.0,TOAMASINA,2025-02-11T07:00:00.000Z,TOAMASINA,6985.0,MGTOA,Madagascar,2025-02-12T07:47:13Z,2025-02-12T10:47:13,DURBAN,149,ZADUR,South Africa,2025-02-05T10:08:09Z,2025-02-05T12:08:09,,,,,,,,,,1,S,56.0,1024.5,20.2,24135.1
HAFNIA RAVEN,564860000,9706061.0,8,1.23001,103.79472,142.0,0.1,1,2025-05-04T11:07:28Z,9V2924,80,Tanker,150,33,9,23,10.9,SG,564,,,,SG- PWBGA,2025-05-03T14:30:00.000Z,,,,,,,TANJUNG PELEPAS,5713,MYTPP,Malaysia,2025-05-03T13:02:38Z,2025-05-03T21:02:38,,,,,,,6.2,8.7,25.71,5,SW,72.5,1006.4,29.0,24135.1
BOW TRIUMPH,258804000,9669902.0,8,42.59774,-8.8023,71.2,5.4,0,2025-05-03T19:06:35Z,LARW7,80,Tanker,146,36,20,12,10.9,NO,258,,,,ESVIL,2025-05-03T16:30:00.000Z,VILLAGARCIA,1943.0,ESVIL,Spain,2025-05-03T19:36:53Z,2025-05-03T21:36:53,AL JUBAIL,3450,SAJUB,Saudi Arabia,2025-04-01T20:33:20Z,2025-04-01T23:33:20,,,,,,,,,,0,SSE,88.7,1011.5,14.0,24135.1
HOEGH SYDNEY,357957000,9368900.0,7,24.82312,-80.22501,51.5,18.6,0,2025-05-04T11:08:12Z,3FEF4,0,Vehicles Carrier,25,155,10,22,8.1,PA,357,51731.0,17311.0,2007.0,USJAX,2025-05-05T13:30:00.000Z,,,,,,,FREEPORT (TX),175,USFPO,USA,2025-05-01T23:40:22Z,2025-05-01T18:40:22,JACKSONVILLE,6143.0,USJAX,USA,2025-05-05T07:28:21Z,2025-05-05T03:28:21,15.9,18.9,940.19,13,SSE,78.0,1012.7,25.4,24135.1
IVS CRIMSON CREEK,565655000,9732149.0,7,24.74571,57.25845,129.7,11.1,0,2025-04-25T21:31:16Z,9V2686,70,Cargo,161,29,21,11,13.2,SG,565,,,,AE FJR,2025-04-25T07:00:00.000Z,,,,,,,MINA SAQR,3511,AEMSA,UAE,2025-04-24T18:33:27Z,2025-04-24T22:33:27,FUJAIRAH,3510.0,AEFJR,UAE,2025-05-05T04:17:30Z,2025-05-05T08:17:30,11.0,21.4,1944.65,2,NE,55.0,1001.2,33.9,24135.1
KIARA,305513000,9403384.0,7,-20.23452,57.02649,253.7,6.8,0,2025-04-20T13:53:19Z,V2EQ2,70,Cargo,114,9,16,5,5.8,AG,305,,,,REPDG,2025-04-21T07:00:00.000Z,,,,,,,ANTSIRANANA,7034,MGDIE,Madagascar,2025-04-30T02:55:44Z,2025-04-30T05:55:44,REUNION,7193.0,REREU,Reunion,,,9.3,12.7,325.35,5,WSW,76.5,1010.8,26.9,24135.1
CENTENNIAL MATSUYAMA,215590000,9367736.0,8,-34.91183,19.22922,107.0,11.5,0,2025-04-17T00:58:25Z,9HA5197,89,Oil Products Tanker,145,37,20,12,8.4,MT,215,26911.0,47165.0,2008.0,ZAPLZ,2025-04-18T06:00:00.000Z,,,,,,,EAST LONDON,3388,ZAELS,South Africa,2025-04-23T19:28:44Z,2025-04-23T21:28:44,PORT ELIZABETH,3392.0,ZAPLZ,South Africa,,,11.9,14.5,2996.77,2,NW,56.3,1019.1,16.3,24135.1
MSC SAGITTA III,255806485,9401166.0,7,25.5643,-79.49899,0.7,12.9,0,2025-05-03T15:21:35Z,CQEU2,79,Container Ship,214,15,21,11,8.8,PT,255,36087.0,42614.0,2009.0,PROGRESO,2025-04-30T15:00:00.000Z,FREEPORT (BS),7132.0,BSFPO,Bahamas,2025-05-04T02:44:37Z,2025-05-03T22:44:37,PROGRESO,6560,MXPGO,Mexico,2025-05-01T18:23:21Z,2025-05-01T12:23:21,PROGRESO,6560.0,MXPGO,Mexico,2025-04-30T15:00:00Z,2025-04-30T09:00:00,,,,13,SSE,77.8,1013.0,25.2,24135.1
KOTA NEKAD,357577000,9390252.0,7,1.24907,103.8782,22.0,0.0,1,2025-03-21T01:39:17Z,H3HS,79,Container Ship,143,37,12,16,9.2,PA,357,20902.0,25985.0,2009.0,SIN PEBGA,2025-03-19T21:30:00.000Z,,,,,,,QINZHOU,4190,CNQZH,China,2025-03-15T00:43:20Z,2025-03-15T08:43:20,,,,,,,10.2,18.9,1344.6,5,SW,72.5,1006.4,29.0,24135.1
AST LEGEND,355686000,9134971.0,8,1.16181,103.76837,234.3,8.0,15,2021-03-13T19:12:26Z,HO3349,52,Lpg Tanker,8,20,5,4,4.6,PA,355,4695.0,5174.0,1995.0,SONGKHLA THAILAND,2021-01-01T21:00:00.000Z,TOAMASINA,6985.0,MGTOA,Madagascar,2025-05-03T12:19:26Z,2025-05-03T15:19:26,TOAMASINA,6985,MGTOA,Madagascar,2025-05-03T11:47:16Z,2025-05-03T14:47:16,,,,,,,,,,5,SW,72.5,1006.4,29.0,24135.1
FAST,538010009,9513842.0,7,36.34873,21.81015,271.7,11.5,0,2025-05-04T11:08:17Z,V7A5460,70,Bulk Carrier,165,23,23,9,12.1,MH,538,32795.0,55398.0,2012.0,US MSY,2025-05-26T05:00:00.000Z,,,,,,,ISTANBUL,2171,TRIST,Turkey,2025-05-01T21:29:52Z,2025-05-02T00:29:52,NEW ORLEANS,312.0,USMSY,USA,2025-05-26T05:00:00Z,2025-05-26T00:00:00,10.0,13.5,485.79,13,WNW,77.1,1015.1,19.2,24135.1
MAGIC CELESTE,538006084,9735115.0,7,5.71976,80.37404,96.4,10.4,0,2025-04-18T14:17:08Z,V7JP6,70,Cargo,170,29,20,12,13.5,MH,538,,,,BD CGP,2025-04-23T02:00:00.000Z,,,,,,,FUJAIRAH,3510,AEFJR,UAE,2025-04-11T17:18:28Z,2025-04-11T21:18:28,CHITTAGONG,3665.0,BDCGP,Bangladesh,2025-04-23T02:00:00Z,2025-04-23T08:00:00,10.7,12.8,3170.71,11,W,75.9,1006.1,29.3,24135.1
GINGA HAMMERHEAD,538008634,9829760.0,8,41.25347,140.02502,240.4,12.5,0,2025-05-02T13:50:46Z,V7A2282,82,Tanker B,131,28,19,7,10.1,MH,538,,,,CN ZJG,2025-05-06T06:00:00.000Z,,,,,,,VANCOUVER,6436,CAVAN,Canada,2025-04-17T22:18:39Z,2025-04-17T15:18:39,ZHANGJIAGANG,4125.0,CNZJG,China,2025-05-06T06:00:00Z,2025-05-06T14:00:00,11.8,16.2,4652.42,20,SW,84.3,1005.2,9.7,15382.3
HOEGH OSAKA,257533000,9185463.0,7,24.67929,57.01741,138.9,17.5,0,2025-05-03T23:53:49Z,LAVM8,70,Vehicles Carrier,16,164,23,9,7.5,NO,257,51770.0,16886.0,2000.0,SG SIN,2025-05-12T22:00:00.000Z,,,,,,,KUWAIT,255,KWKWI,Kuwait,2025-05-02T07:37:49Z,2025-05-02T10:37:49,SINGAPORE,386.0,SGSIN,Singapore,2025-05-11T15:55:34Z,2025-05-11T23:55:34,18.0,18.0,894.04,2,ENE,53.0,1001.1,34.3,24135.1
ANDALUCIA,636092738,9667576.0,7,53.66973,5.50951,255.1,10.1,0,2025-05-04T11:08:13Z,D5MH3,70,Bulk Carrier,155,25,23,7,10.9,LR,636,24212.0,37500.0,2013.0,ESLPA,2025-05-10T12:00:00.000Z,,,,,,,HAMBURG,104,DEHAM,Germany,2025-05-03T19:01:23Z,2025-05-03T21:01:23,LAS PALMAS,259.0,ESLPA,Spain,2025-05-11T20:08:27Z,2025-05-11T21:08:27,11.2,13.5,167.03,19,NNW,65.7,1014.1,9.0,24135.1
SPAR INDUS,258775000,9734991.0,7,-34.83364,19.18176,121.0,9.0,0,2025-04-13T09:14:42Z,LATP7,70,Cargo,170,30,12,20,13.3,NO,258,,,,XINGANG,2025-05-17T04:00:00.000Z,,,,,,,SALDANHA,3398,ZASDB,South Africa,2025-04-12T17:41:23Z,2025-04-12T19:41:23,TIANJIN,420.0,CNTXG,China,2025-05-17T04:00:00Z,2025-05-17T12:00:00,9.2,12.3,4857.96,2,W,51.0,1019.0,16.4,24135.1
MSC SABRINA III,356101000,8714205.0,7,5.93983,80.16367,304.7,8.7,0,2025-05-02T22:42:33Z,3FMG8,79,Container Ship,179,64,13,19,11.8,PA,356,35598.0,43078.0,1989.0,KATTUPALLI,2025-04-25T18:31:00.000Z,,,,,,,COLOMBO,3662,LKCMB,Sri Lanka,2025-05-04T10:46:34Z,2025-05-04T16:16:34,KATTUPALLI,3648.0,INKAT,India,2025-04-25T18:31:00Z,2025-04-26T00:01:00,8.5,8.7,3.33,9,W,73.2,1006.1,29.6,24135.1
UNISOUL,305367000,9484209.0,7,-22.87107,14.51811,139.0,0.0,1,2025-04-13T23:07:44Z,V2DX6,70,General Cargo,119,13,12,4,5.5,AG,305,6351.0,9775.0,2009.0,LR UCN,2025-03-27T12:00:00.000Z,,,,,,,MATADI,3380,CDMAT,DR Congo,2025-04-27T10:20:40Z,2025-04-27T11:20:40,,,,,,,13.0,16.8,628.32,6,WNW,47.1,1012.9,23.3,24135.1
IVS WINDSOR,563181300,9774458.0,7,29.76212,-95.09089,45.0,0.0,5,2025-05-04T11:04:33Z,9V8677,79,Cargo,174,26,20,12,10.8,SG,563,,,,US HOU,2026-04-21T22:00:00.000Z,HOUSTON,6346.0,USHOU,USA,2025-04-22T00:14:57Z,2025-04-21T19:14:57,DAMMAM,3445,SADMM,Saudi Arabia,2025-03-09T13:21:56Z,2025-03-09T16:21:56,,,,,,,,,,5,NNE,72.9,1014.3,15.1,24135.1
TAXIDIARA,215622000,9331919.0,7,26.81146,50.51065,268.0,0.0,1,2025-05-04T11:06:33Z,9HA5214,70,General Cargo,162,28,19,13,9.9,MT,215,31236.0,56049.0,2007.0,SADMM,2025-05-02T07:00:00.000Z,,,,,,,SAN LORENZO,6777,ARSLO,Argentina,2025-03-29T03:03:10Z,2025-03-29T00:03:10,DAMMAM,3445.0,SADMM,Saudi Arabia,2025-05-02T07:00:00Z,2025-05-02T10:00:00,11.1,11.1,8653.19,5,SE,63.1,1003.1,29.3,24135.1
IVS WENTWORTH,563478000,9725550.0,7,24.67589,56.97839,133.7,9.8,0,2025-04-26T11:19:21Z,9V3519,70,Cargo,162,28,22,11,13.0,SG,563,,,,IN PAV,2025-04-29T22:30:00.000Z,,,,,,,PIPAVAV,3615,INPAV,India,2025-05-04T07:41:36Z,2025-05-04T13:11:36,,,,,,,9.6,10.7,29.4,2,ENE,53.0,1001.1,34.3,24135.1
ARDMORE CHIPPEWA,538005868,9707871.0,8,25.5477,55.31603,351.9,12.7,0,2025-04-29T08:03:23Z,V7HS4,82,Tanker B,129,30,7,20,8.3,MH,538,,,,OMMCT,2025-04-30T12:00:00.000Z,,,,,,,SULTAN QABOOS,3482,OMOPQ,Oman,2025-05-02T19:08:32Z,2025-05-02T23:08:32,,,,,,,12.4,13.0,396.92,9,W,69.3,1003.2,29.9,24135.1
CMA CGM P.ANTIOQUIA,311001218,9275050.0,7,-6.83895,39.29603,156.0,0.0,5,2025-04-25T13:02:10Z,C6GD7,74,Container Ship,162,48,22,8,11.0,BS,311,26833.0,34300.0,2004.0,MYPKG,2025-04-02T06:00:00.000Z,,,,,,,DAR ES SALAAM,3427,TZDAR,Tanzania,2025-04-27T02:53:24Z,2025-04-27T05:53:24,,,,,,,14.2,18.0,2318.59,8,SSE,80.2,1010.3,28.4,6563.9
EMERALD ACE,538004697,9539236.0,7,32.27391,136.05726,213.0,15.1,0,2025-05-02T04:59:08Z,V7YO3,70,Vehicles Carrier,21,179,24,8,9.0,MH,538,60154.0,18334.0,2012.0,SGSIN,2025-05-08T04:00:00.000Z,,,,,,,KIMITSU,244,JPKZU,Japan,2025-05-01T11:17:43Z,2025-05-01T20:17:43,SINGAPORE,386.0,SGSIN,Singapore,2025-05-09T18:13:33Z,2025-05-10T02:13:33,16.8,20.3,1171.72,17,NNW,47.8,1011.8,20.9,24135.1
KOTA NEBULA,563082900,9494632.0,7,4.2328,104.14145,164.9,12.6,0,2025-05-04T05:35:12Z,9V6396,70,Container Ship,137,43,19,9,7.4,SG,563,20902.0,25985.0,2010.0,SGSIN PEBGA,2025-05-03T20:00:00.000Z,,,,,,,LAEM CHABANG,3675,THLCH,Thailand,2025-05-01T13:44:29Z,2025-05-01T20:44:29,SINGAPORE,386.0,SGSIN,Singapore,2025-05-03T20:00:00Z,2025-05-04T04:00:00,13.5,15.6,636.26,2,E,73.7,1006.2,28.4,24135.1
AKIJ MOON,405000262,9300506.0,7,1.26823,104.2418,83.0,12.5,0,2025-04-12T22:07:09Z,S2BB6,70,Bulk Carrier,163,27,18,14,12.9,BD,405,31251.0,55953.0,2005.0,VN CPH,2025-04-17T16:00:00.000Z,,,,,,,SALALAH,3477,OMSLL,Oman,2025-04-01T00:18:30Z,2025-04-01T04:18:30,CAM PHA,4081.0,VNCPH,Vietnam,,,10.2,14.0,4955.71,6,SSW,72.6,1006.2,29.8,24135.1
MTM BIG APPLE,563054100,9774563.0,8,-23.91933,-46.36045,281.0,0.2,0,2025-05-03T03:06:12Z,9V5428,80,Tanker,151,29,19,8,7.7,SG,563,,,,SANTOS_BR,2025-05-01T08:00:00.000Z,,,,,,,SANTOS,369,BRSSZ,Brazil,2025-05-03T02:44:21Z,2025-05-02T23:44:21,,,,,,,3.2,3.2,1.61,3,W,77.4,1020.0,20.8,24135.1
TERN BULKER,370696000,9676101.0,7,35.25498,141.2115,61.6,13.7,0,2025-04-29T16:25:44Z,3FNS3,70,Cargo,168,22,21,11,10.4,PA,370,,,,PE PIO,2025-05-25T13:00:00.000Z,,,,,,,MIZUSHIMA,4285,JPMIZ,Japan,2025-04-28T03:42:18Z,2025-04-28T12:42:18,,,,,,,12.8,15.9,1944.68,8,NNE,79.5,1006.4,18.5,24135.1
LCAW QINGDAO,636023262,9426570.0,7,1.25779,104.11986,84.9,11.8,0,2025-04-29T17:41:54Z,5LMV4,70,General Cargo,105,19,10,11,9.1,LR,636,10021.0,13802.0,2008.0,CN CJK NORTH P/S,2025-05-09T12:00:00.000Z,,,,,,,BEIRA,3411,MZBEW,Mozambique,2025-04-12T01:20:47Z,2025-04-12T03:20:47,,,,,,,10.5,13.2,5681.85,8,SW,72.5,1006.3,29.2,24135.1
MERATUS JAYAKARTA,352002561,9305879.0,7,-20.10165,57.33877,288.6,16.2,5,2025-04-29T16:54:52Z,3E2340,79,Container Ship,103,104,20,10,10.7,PA,352,25674.0,33594.0,2005.0,MGTOA,2025-04-30T01:00:00.000Z,,,,,,,TOAMASINA,6985,MGTOA,Madagascar,2025-05-03T13:57:14Z,2025-05-03T16:57:14,,,,,,,15.7,16.7,285.15,4,SW,77.0,1010.7,26.8,24135.1
NORDERNEY,305901000,9506124.0,7,25.46731,55.50564,120.0,0.0,5,2025-05-04T11:00:16Z,V2GD5,70,General Cargo,97,11,6,10,5.7,AG,305,4591.0,5475.0,2012.0,SHARJAH,2026-01-17T05:00:00.000Z,HAMRIYA,3509.0,AEHAM,UAE,2025-01-17T06:11:53Z,2025-01-17T10:11:53,DJIBOUTI,3430,DJJIB,Djibouti,,,,,,,,,,,,10,WNW,53.4,1003.4,31.6,24135.1
AUTO WAY,257824000,9303558.0,7,43.33922,-9.65979,33.3,14.6,0,2025-05-04T11:02:10Z,LAVD7,70,Vehicles Carrier,28,171,24,8,8.8,NO,257,59705.0,19670.0,2006.0,DE BRV,2025-05-08T02:00:00.000Z,,,,,,,AUTOPORT,3133,TRAUT,Turkey,2025-04-27T21:02:56Z,2025-04-28T00:02:56,BREMERHAVEN,107.0,DEBRV,Germany,2025-05-07T05:17:51Z,2025-05-07T07:17:51,15.7,19.3,2469.48,7,NE,83.8,1011.9,15.2,24135.1
FIRMAMENT ACE,431585000,9293894.0,7,-33.84077,17.68296,326.5,17.8,0,2025-04-23T11:42:52Z,7KKF,70,Vehicles Carrier,22,178,21,11,9.4,JP,431,60118.0,17713.0,2006.0,ES SAG,2025-05-08T07:00:00.000Z,,,,,,,TOYOHASHI,4945,JPTHS,Japan,2025-04-03T09:26:14Z,2025-04-03T18:26:14,SAGUNTO,362.0,ESSAG,Spain,2025-05-08T07:00:00Z,2025-05-08T09:00:00,17.2,22.3,12902.32,3,SE,52.2,1019.0,17.2,24135.1
HOEGH TROVE,258774000,9186302.0,7,22.48838,-97.61281,88.4,16.7,0,2025-04-29T22:22:00Z,LAKB6,79,Vehicles Carrier,29,171,20,12,8.0,NO,258,58684.0,21200.0,2000.0,MX ATM,2025-04-27T05:00:00.000Z,,,,,,,KINGSTON (JM),7165,JMKIN,Jamaica,2025-05-04T03:04:33Z,2025-05-03T22:04:33,ALTAMIRA,6563.0,MXATM,Mexico,2025-04-27T05:00:00Z,2025-04-26T23:00:00,13.2,14.3,85.82,11,NNE,79.1,1010.9,24.8,24135.1
KOUROS QUEEN,352003082,9502855.0,7,1.05471,104.20008,170.8,13.0,0,2025-04-22T16:00:24Z,3E5969,70,Bulk Carrier,163,27,21,11,6.2,PA,352,31815.0,56135.0,2012.0,SG SIN,2025-04-21T19:30:00.000Z,JIANGYIN,4147.0,CNJIA,China,2025-05-04T07:10:37Z,2025-05-04T15:10:37,MERAK,3805,IDMRK,Indonesia,2025-03-15T05:44:54Z,2025-03-15T12:44:54,SINGAPORE,386.0,SGSIN,Singapore,,,,,,7,S,71.4,1006.3,29.2,24135.1
CMA CGM AQABA,256148000,9334820.0,7,-33.83111,18.4339,229.0,0.2,1,2025-05-04T11:06:39Z,9HA5713,71,Container Ship,157,19,8,20,10.4,MT,256,18327.0,23451.0,2007.0,ZACPT,2025-05-04T16:00:00.000Z,,,,,,,PORT ELIZABETH,3392,ZAPLZ,South Africa,2025-05-02T06:21:27Z,2025-05-02T08:21:27,CAPE TOWN,122.0,ZACPT,South Africa,2025-05-03T23:00:00Z,2025-05-04T01:00:00,10.3,14.1,438.94,6,W,23.7,1018.7,22.2,24135.1
SUN VIL II,319054200,9643178.0,7,47.30423,-2.12014,256.0,0.0,5,2025-05-04T11:07:44Z,ZGDJ,70,Cargo,160,30,22,10,11.5,KY,319,,,,FR MTX,2025-05-02T20:00:00.000Z,DONGES,138.0,FRDON,France,2025-05-03T06:07:22Z,2025-05-03T08:07:22,FUKUYAMA,4824,JPFKY,Japan,2025-03-14T08:21:55Z,2025-03-14T17:21:55,MONTOIR,2662.0,FRMTX,France,2025-05-02T20:00:00Z,2025-05-02T22:00:00,,,,18,NE,89.8,1012.0,12.1,24135.1
BBC NAGASAKI,305749000,9559872.0,7,-23.54299,-43.9574,78.7,10.9,0,2025-04-11T01:29:48Z,V2FP5,70,General Cargo,120,12,10,6,5.3,AG,305,6351.0,9739.0,2011.0,CGPNR,2025-04-22T13:00:00.000Z,,,,,,,POINTE NOIRE,3364,CGPNR,Congo,2025-04-25T07:05:22Z,2025-04-25T08:05:22,,,,,,,10.2,13.0,2269.74,8,NE,78.6,1019.9,22.6,24135.1
ASTERIOS,636022173,9951135.0,7,26.76816,52.90509,298.5,16.9,0,2025-05-04T09:09:08Z,5LHM9,70,Cargo,132,40,20,7,9.3,LR,636,,,,SA DMN,2025-05-04T18:00:00.000Z,,,,,,,MUNDRA,305,INMUN,India,2025-05-01T04:21:42Z,2025-05-01T09:51:42,DAMMAM,3445.0,SADMM,Saudi Arabia,2025-05-04T18:33:21Z,2025-05-04T21:33:21,15.0,18.0,1082.09,5,W,72.8,1003.1,29.2,24135.1
ULTRA COLONSAY,371011000,9448217.0,7,-9.0584,-80.36795,145.8,12.2,0,2025-02-06T13:43:10Z,3EVT8,70,Bulk Carrier,171,29,11,21,6.6,PA,371,34778.0,61470.0,2011.0,AR RCA,2024-11-07T15:00:00.000Z,,,,,,,LIANYUNGANG,4174,CNLYG,China,2025-04-15T14:30:20Z,2025-04-15T22:30:20,,,,,,,11.4,14.6,2265.14,11,SE,81.0,1012.8,21.1,24135.1
SIDER ATHENA,352001355,9657844.0,7,33.92045,10.1028,258.0,0.0,5,2025-05-03T12:02:13Z,3E2116,70,Bulk Carrier,163,17,13,17,10.0,PA,352,24785.0,39128.0,2013.0,USLCH>TNGAE,2025-04-27T00:00:00.000Z,GABES,3222.0,TNGAE,Tunisia,,,VERACRUZ,6569,MXVER,Mexico,2025-03-29T15:23:53Z,2025-03-29T09:23:53,,,,,,,,,,5,NNW,30.3,1012.7,27.6,24135.1
STRATOS,677084800,7930498.0,8,27.65085,49.81628,511.0,0.1,0,2025-05-04T10:53:35Z,SSD,80,Tanker,0,0,0,0,3.5,TZ,677,,,,SHARJAHOPL,2026-01-10T22:00:00.000Z,,,,,,,TOAMASINA,6985,MGTOA,Madagascar,2024-07-22T19:17:25Z,2024-07-22T22:17:25,,,,,,,5.4,18.3,1433.03,5,W,70.1,1003.1,28.1,24135.1
AFRICAN FLAMINGO,232017152,9802322.0,7,24.8318,57.27969,124.0,11.7,0,2025-05-04T10:11:56Z,MDOP4,70,Cargo,178,22,21,11,9.8,GB,232,,,,MZ BEW,2025-05-17T02:00:00.000Z,,,,,,,RAS LAFFAN,5836,QARLF,Qatar,2025-05-02T06:55:05Z,2025-05-02T09:55:05,BEIRA,3411.0,MZBEW,Mozambique,2025-05-17T02:00:00Z,2025-05-17T04:00:00,10.7,13.3,420.94,2,NE,55.0,1001.2,33.9,24135.1
STI OPERA,538005269,9669940.0,8,24.80902,57.26614,120.1,12.2,0,2025-04-21T20:26:53Z,V7CJ3,80,Oil/Chemical Tanker,146,37,8,24,12.4,MH,538,29785.0,51840.0,2014.0,ZADUR,2025-05-06T12:00:00.000Z,,,,,,,AL JUBAIL,3450,SAJUB,Saudi Arabia,2025-04-20T00:18:44Z,2025-04-20T03:18:44,DURBAN,149.0,ZADUR,South Africa,2025-05-06T12:00:00Z,2025-05-06T14:00:00,11.9,14.0,4166.67,2,NE,55.0,1001.2,33.9,24135.1
STI MILWAUKEE,538005532,9686974.0,8,-32.91479,151.77273,164.0,0.0,5,2025-05-04T01:16:24Z,V7ET6,80,Tanker,148,35,8,24,12.1,MH,538,,,,AUNTL,2025-05-02T03:00:00.000Z,NEWCASTLE,314.0,AUNTL,Australia,2025-05-04T00:32:24Z,2025-05-04T10:32:24,BUKOM ISLAND,4010,,Singapore,2025-04-17T07:09:08Z,2025-04-17T15:09:08,,,,,,,,,,8,NE,78.6,1030.9,18.8,23343.9
