,week,PortCountry_Benin,PortCountry_Cameroon,PortCountry_CÃ´te dIvoire,PortCountry_Democratic Republic of the Congo,PortCountry_Djibouti,PortCountry_Egypt,PortCountry_Gabon,PortCountry_Ghana,PortCountry_Guinea,PortCountry_Kenya,PortCountry_Liberia,PortCountry_Madagascar,PortCountry_Morocco,PortCountry_Mozambique,PortCountry_Namibia,PortCountry_Republic of the Congo,PortCountry_Senegal,PortCountry_Somalia,PortCountry_South Africa,PortCountry_Tanzania,PortCountry_Togo,EventType_arrival,EventType_departure,VesselTypeGroup_Cargo Vessels,VesselTypeGroup_Dredgers,VesselTypeGroup_Fishing & Research Vessels,VesselTypeGroup_Military,VesselTypeGroup_Offshore Support & Work Vessels,VesselTypeGroup_Passenger & Pleasure Craft,VesselTypeGroup_Specialized Service Vessels,VesselTypeGroup_Tankers,VesselTypeGroup_Tugs & Towage,VesselTypeGroup_Unspecified/Others,VesselFlagRegion_Africa,VesselFlagRegion_Americas,VesselFlagRegion_Asia,VesselFlagRegion_Europe,VesselFlagRegion_Oceania,VesselBuiltYear_1925-1949,VesselBuiltYear_1950-1974,VesselBuiltYear_1975-1999,VesselBuiltYear_2000-2024,VesselAvgArea,VesselAvgGt,VesselAvgSog,sentiment_score,BURADIENE RUBBER,TIN,CRUDE OIL,SILVER,COPPER(BC),STEEL WIRE ROD,LSFO,HOT ROLLED COIL,NICKEL,STEEL REBAR,WOODPULP,FUEL OIL,ALUMINIUM OXIDE,LEAD,STAINLESS STEEL,NATURAL RUBBER,ZINC,TSR20,GOLD,BITUMEN,SCFIS,ALUMINIUM,COPPER,BURADIENE RUBBER_lag1,TIN_lag1,CRUDE OIL_lag1,SILVER_lag1,COPPER(BC)_lag1,STEEL WIRE ROD_lag1,LSFO_lag1,HOT ROLLED COIL_lag1,NICKEL_lag1,STEEL REBAR_lag1,WOODPULP_lag1,FUEL OIL_lag1,ALUMINIUM OXIDE_lag1,LEAD_lag1,STAINLESS STEEL_lag1,NATURAL RUBBER_lag1,ZINC_lag1,TSR20_lag1,GOLD_lag1,BITUMEN_lag1,SCFIS_lag1,ALUMINIUM_lag1,COPPER_lag1,BURADIENE RUBBER_lag2,TIN_lag2,CRUDE OIL_lag2,SILVER_lag2,COPPER(BC)_lag2,STEEL WIRE ROD_lag2,LSFO_lag2,HOT ROLLED COIL_lag2,NICKEL_lag2,STEEL REBAR_lag2,WOODPULP_lag2,FUEL OIL_lag2,ALUMINIUM OXIDE_lag2,LEAD_lag2,STAINLESS STEEL_lag2,NATURAL RUBBER_lag2,ZINC_lag2,TSR20_lag2,GOLD_lag2,BITUMEN_lag2,SCFIS_lag2,ALUMINIUM_lag2,COPPER_lag2,BURADIENE RUBBER_lag3,TIN_lag3,CRUDE OIL_lag3,SILVER_lag3,COPPER(BC)_lag3,STEEL WIRE ROD_lag3,LSFO_lag3,HOT ROLLED COIL_lag3,NICKEL_lag3,STEEL REBAR_lag3,WOODPULP_lag3,FUEL OIL_lag3,ALUMINIUM OXIDE_lag3,LEAD_lag3,STAINLESS STEEL_lag3,NATURAL RUBBER_lag3,ZINC_lag3,TSR20_lag3,GOLD_lag3,BITUMEN_lag3,SCFIS_lag3,ALUMINIUM_lag3,COPPER_lag3
0,2024-01-01 to 2024-01-07,48,48,103,6,57,65,52,78,23,0,15,38,123,141,109,0,207,10,408,132,55,866,852,624,36,3,0,14,269,103,118,424,127,816,394,211,200,97,0,4,138,587,2655.0401629802095,22959.88888888889,10.913662790697675,0.3844708994708995,12834.444444444445,210319.0,556.5333333333333,6061.333333333333,61422.5,4224.0,4083.625,4124.75,127815.83333333333,4019.9166666666665,5820.833333333333,2949.0,3403.25,15958.636363636364,13839.583333333334,14219.0,21377.5,11370.555555555555,484.49,3721.4,1603.26,19589.166666666668,68767.5,12183.888888888889,205648.33333333334,552.02,5919.166666666667,60626.666666666664,4140.5,4035.75,4031.5,124979.16666666667,3922.8333333333335,5802.666666666667,2960.5833333333335,3318.9166666666665,16127.916666666666,13662.916666666666,13512.0,21035.0,10895.714285714286,482.6375,3670.0,1902.7,19068.75,68064.16666666667,12435.0,209291.66666666666,556.9909090909091,5993.5,60067.5,4097.0,4051.8333333333335,4005.2,127505.83333333333,3875.75,5720.833333333333,2922.75,3242.6666666666665,16162.5,13884.166666666666,13838.5,21031.363636363636,11207.5,482.495,3690.6,1769.3400000000001,18817.083333333332,67496.66666666667,12253.5,213570.0,557.6714285714286,5763.25,60205.0,4100.0,4122.875,3999.2727272727275,126555.83333333333,3863.3333333333335,5675.833333333333,2920.5833333333335,3179.3333333333335,16313.75,14123.75,13712.5,20537.5,11214.285714285714,479.885,3706.5833333333335,1676.7,18633.333333333332,67685.83333333333
1,2024-01-08 to 2024-01-14,27,61,108,8,47,67,67,77,23,0,18,86,139,154,184,0,168,15,416,133,72,926,944,702,93,24,0,19,264,107,148,393,119,841,440,226,233,129,0,3,165,622,3097.836811128946,23764.311392405063,10.464195979899497,0.2812755102040816,12183.888888888889,205648.33333333334,552.02,5919.166666666667,60626.666666666664,4140.5,4035.75,4031.5,124979.16666666667,3922.8333333333335,5802.666666666667,2960.5833333333335,3318.9166666666665,16127.916666666666,13662.916666666666,13512.0,21035.0,10895.714285714286,482.6375,3670.0,1902.7,19068.75,68064.16666666667,12435.0,209291.66666666666,556.9909090909091,5993.5,60067.5,4097.0,4051.8333333333335,4005.2,127505.83333333333,3875.75,5720.833333333333,2922.75,3242.6666666666665,16162.5,13884.166666666666,13838.5,21031.363636363636,11207.5,482.495,3690.6,1769.3400000000001,18817.083333333332,67496.66666666667,12253.5,213570.0,557.6714285714286,5763.25,60205.0,4100.0,4122.875,3999.2727272727275,126555.83333333333,3863.3333333333335,5675.833333333333,2920.5833333333335,3179.3333333333335,16313.75,14123.75,13712.5,20537.5,11214.285714285714,479.885,3706.5833333333335,1676.7,18633.333333333332,67685.83333333333,12731.666666666666,216865.83333333334,570.2294117647059,5923.75,61595.0,4134.0,4279.272727272727,3976.0833333333335,126452.5,3846.5833333333335,5739.666666666667,3017.4615384615386,3175.9166666666665,16156.666666666666,13728.333333333334,13547.5,20726.25,11160.555555555555,483.71500000000003,3690.875,1571.8600000000001,18762.5,68703.33333333333
2,2024-01-15 to 2024-01-21,125,47,114,5,46,95,70,89,24,333,14,38,93,131,172,327,227,9,364,139,59,1232,1289,763,219,21,2,17,325,148,158,481,387,1020,551,302,471,123,0,8,249,708,2989.379214597382,23786.60932642487,10.642542016806724,0.47324263038548753,12435.0,209291.66666666666,556.9909090909091,5993.5,60067.5,4097.0,4051.8333333333335,4005.2,127505.83333333333,3875.75,5720.833333333333,2922.75,3242.6666666666665,16162.5,13884.166666666666,13838.5,21031.363636363636,11207.5,482.495,3690.6,1769.3400000000001,18817.083333333332,67496.66666666667,12253.5,213570.0,557.6714285714286,5763.25,60205.0,4100.0,4122.875,3999.2727272727275,126555.83333333333,3863.3333333333335,5675.833333333333,2920.5833333333335,3179.3333333333335,16313.75,14123.75,13712.5,20537.5,11214.285714285714,479.885,3706.5833333333335,1676.7,18633.333333333332,67685.83333333333,12731.666666666666,216865.83333333334,570.2294117647059,5923.75,61595.0,4134.0,4279.272727272727,3976.0833333333335,126452.5,3846.5833333333335,5739.666666666667,3017.4615384615386,3175.9166666666665,16156.666666666666,13728.333333333334,13547.5,20726.25,11160.555555555555,483.71500000000003,3690.875,1571.8600000000001,18762.5,68703.33333333333,12667.777777777777,211430.0,551.6727272727272,5861.583333333333,61022.0,4041.0,4111.142857142857,3941.4545454545455,125169.16666666667,3810.0,5679.333333333333,2929.9166666666665,3138.7272727272725,16171.666666666666,13632.916666666666,13561.5,20394.583333333332,11116.666666666666,482.42749999999995,3672.923076923077,1451.2,18638.333333333332,68312.5
3,2024-01-22 to 2024-01-28,179,58,105,5,42,60,71,94,24,520,8,42,124,135,92,549,168,11,1265,96,61,1857,1852,884,420,46,29,36,843,338,151,449,513,1879,586,336,649,160,0,4,351,843,2365.6241574548394,21695.709515859766,10.82088888888889,0.5278980278980279,12253.5,213570.0,557.6714285714286,5763.25,60205.0,4100.0,4122.875,3999.2727272727275,126555.83333333333,3863.3333333333335,5675.833333333333,2920.5833333333335,3179.3333333333335,16313.75,14123.75,13712.5,20537.5,11214.285714285714,479.885,3706.5833333333335,1676.7,18633.333333333332,67685.83333333333,12731.666666666666,216865.83333333334,570.2294117647059,5923.75,61595.0,4134.0,4279.272727272727,3976.0833333333335,126452.5,3846.5833333333335,5739.666666666667,3017.4615384615386,3175.9166666666665,16156.666666666666,13728.333333333334,13547.5,20726.25,11160.555555555555,483.71500000000003,3690.875,1571.8600000000001,18762.5,68703.33333333333,12667.777777777777,211430.0,551.6727272727272,5861.583333333333,61022.0,4041.0,4111.142857142857,3941.4545454545455,125169.16666666667,3810.0,5679.333333333333,2929.9166666666665,3138.7272727272725,16171.666666666666,13632.916666666666,13561.5,20394.583333333332,11116.666666666666,482.42749999999995,3672.923076923077,1451.2,18638.333333333332,68312.5,12960.5,217672.5,578.3916666666668,5953.083333333333,60792.5,4073.0,4315.375,3921.3333333333335,126346.66666666667,3799.2727272727275,5743.666666666667,3025.6666666666665,3129.777777777778,15820.0,13629.166666666666,13624.444444444445,20129.166666666668,11118.333333333334,481.72499999999997,3716.4285714285716,1646.4599999999998,18599.583333333332,68145.83333333333
4,2024-01-29 to 2024-02-04,128,41,94,5,55,54,42,91,24,148,8,38,120,162,97,124,173,16,569,83,62,1061,1073,656,168,17,4,16,264,212,160,435,202,953,493,200,341,120,0,1,242,647,2963.5515463917527,21738.18988764045,10.959165613147915,0.4540959790959791,12731.666666666666,216865.83333333334,570.2294117647059,5923.75,61595.0,4134.0,4279.272727272727,3976.0833333333335,126452.5,3846.5833333333335,5739.666666666667,3017.4615384615386,3175.9166666666665,16156.666666666666,13728.333333333334,13547.5,20726.25,11160.555555555555,483.71500000000003,3690.875,1571.8600000000001,18762.5,68703.33333333333,12667.777777777777,211430.0,551.6727272727272,5861.583333333333,61022.0,4041.0,4111.142857142857,3941.4545454545455,125169.16666666667,3810.0,5679.333333333333,2929.9166666666665,3138.7272727272725,16171.666666666666,13632.916666666666,13561.5,20394.583333333332,11116.666666666666,482.42749999999995,3672.923076923077,1451.2,18638.333333333332,68312.5,12960.5,217672.5,578.3916666666668,5953.083333333333,60792.5,4073.0,4315.375,3921.3333333333335,126346.66666666667,3799.2727272727275,5743.666666666667,3025.6666666666665,3129.777777777778,15820.0,13629.166666666666,13624.444444444445,20129.166666666668,11118.333333333334,481.72499999999997,3716.4285714285716,1646.4599999999998,18599.583333333332,68145.83333333333,13134.583333333334,218054.16666666666,569.8777777777777,5912.833333333333,61150.0,4126.5,4285.8,3865.3333333333335,136973.33333333334,3748.25,5901.666666666667,3031.0,3174.8333333333335,15981.666666666666,13938.75,14061.5,20345.833333333332,11785.833333333334,485.22249999999997,3654.5714285714284,1379.1166666666668,18733.75,68515.0
5,2024-02-05 to 2024-02-11,194,52,114,6,49,64,53,82,28,0,16,66,122,120,109,97,210,12,553,134,62,1067,1076,724,294,7,1,29,217,132,180,403,156,950,488,242,350,107,0,4,248,765,3251.395240317312,20600.812192723697,11.17061403508772,0.6217086834733894,12667.777777777777,211430.0,551.6727272727272,5861.583333333333,61022.0,4041.0,4111.142857142857,3941.4545454545455,125169.16666666667,3810.0,5679.333333333333,2929.9166666666665,3138.7272727272725,16171.666666666666,13632.916666666666,13561.5,20394.583333333332,11116.666666666666,482.42749999999995,3672.923076923077,1451.2,18638.333333333332,68312.5,12960.5,217672.5,578.3916666666668,5953.083333333333,60792.5,4073.0,4315.375,3921.3333333333335,126346.66666666667,3799.2727272727275,5743.666666666667,3025.6666666666665,3129.777777777778,15820.0,13629.166666666666,13624.444444444445,20129.166666666668,11118.333333333334,481.72499999999997,3716.4285714285716,1646.4599999999998,18599.583333333332,68145.83333333333,13134.583333333334,218054.16666666666,569.8777777777777,5912.833333333333,61150.0,4126.5,4285.8,3865.3333333333335,136973.33333333334,3748.25,5901.666666666667,3031.0,3174.8333333333335,15981.666666666666,13938.75,14061.5,20345.833333333332,11785.833333333334,485.22249999999997,3654.5714285714284,1379.1166666666668,18733.75,68515.0,13086.25,218915.0,578.4714285714285,5979.25,61491.666666666664,4032.0,4305.777777777777,3859.8333333333335,136609.16666666666,3746.9166666666665,5877.5,3069.1666666666665,3164.4166666666665,15974.545454545454,13887.916666666666,14002.0,20365.416666666668,11705.555555555555,490.85,3654.153846153846,1415.0,18799.166666666668,68712.5
6,2024-02-19 to 2024-02-25,160,40,107,9,33,68,63,67,29,211,4,50,117,124,87,330,211,8,792,135,56,1341,1360,761,132,25,4,36,580,202,178,444,339,1351,513,264,451,120,1,7,219,759,2359.2265827471306,20793.88032454361,11.18361469712016,0.3873015873015873,12960.5,217672.5,578.3916666666668,5953.083333333333,60792.5,4073.0,4315.375,3921.3333333333335,126346.66666666667,3799.2727272727275,5743.666666666667,3025.6666666666665,3129.777777777778,15820.0,13629.166666666666,13624.444444444445,20129.166666666668,11118.333333333334,481.72499999999997,3716.4285714285716,1646.4599999999998,18599.583333333332,68145.83333333333,13134.583333333334,218054.16666666666,569.8777777777777,5912.833333333333,61150.0,4126.5,4285.8,3865.3333333333335,136973.33333333334,3748.25,5901.666666666667,3031.0,3174.8333333333335,15981.666666666666,13938.75,14061.5,20345.833333333332,11785.833333333334,485.22249999999997,3654.5714285714284,1379.1166666666668,18733.75,68515.0,13086.25,218915.0,578.4714285714285,5979.25,61491.666666666664,4032.0,4305.777777777777,3859.8333333333335,136609.16666666666,3746.9166666666665,5877.5,3069.1666666666665,3164.4166666666665,15974.545454545454,13887.916666666666,14002.0,20365.416666666668,11705.555555555555,490.85,3654.153846153846,1415.0,18799.166666666668,68712.5,13270.454545454546,220023.33333333334,578.7166666666667,6152.333333333333,61807.5,4044.5,4202.4,3776.9166666666665,137533.33333333334,3626.8333333333335,6030.0,3071.5,3184.7272727272725,16214.0,13736.666666666666,14269.0,20966.666666666668,11828.0,509.2228571428572,3616.076923076923,1388.5833333333333,18969.583333333332,69205.0
7,2024-02-26 to 2024-03-03,55,54,139,24,49,104,58,92,30,790,10,46,202,135,83,219,133,19,1055,167,68,1756,1776,901,39,43,19,32,984,275,213,464,562,2123,571,292,364,151,0,4,199,864,2406.1237259343147,23727.184629803185,9.8145285935085,0.5122335211957854,13134.583333333334,218054.16666666666,569.8777777777777,5912.833333333333,61150.0,4126.5,4285.8,3865.3333333333335,136973.33333333334,3748.25,5901.666666666667,3031.0,3174.8333333333335,15981.666666666666,13938.75,14061.5,20345.833333333332,11785.833333333334,485.22249999999997,3654.5714285714284,1379.1166666666668,18733.75,68515.0,13086.25,218915.0,578.4714285714285,5979.25,61491.666666666664,4032.0,4305.777777777777,3859.8333333333335,136609.16666666666,3746.9166666666665,5877.5,3069.1666666666665,3164.4166666666665,15974.545454545454,13887.916666666666,14002.0,20365.416666666668,11705.555555555555,490.85,3654.153846153846,1415.0,18799.166666666668,68712.5,13270.454545454546,220023.33333333334,578.7166666666667,6152.333333333333,61807.5,4044.5,4202.4,3776.9166666666665,137533.33333333334,3626.8333333333335,6030.0,3071.5,3184.7272727272725,16214.0,13736.666666666666,14269.0,20966.666666666668,11828.0,509.2228571428572,3616.076923076923,1388.5833333333333,18969.583333333332,69205.0,14107.916666666666,229243.63636363635,596.7666666666668,6324.75,64870.0,3850.5,4407.2,3706.5,140310.0,3543.9166666666665,6073.454545454545,3224.8333333333335,3278.25,16240.833333333334,13884.583333333334,15844.0,21130.833333333332,12937.222222222223,505.525,3657.5,1409.3333333333333,19086.666666666668,72689.16666666667
8,2024-03-04 to 2024-03-10,18,25,64,6,26,108,47,45,12,0,3,20,103,74,46,49,79,12,243,82,29,535,556,438,21,4,4,7,125,65,118,199,110,429,251,150,170,88,0,5,66,464,3312.6241979835013,23555.457943925234,11.602642276422765,0.5749719030969032,13086.25,218915.0,578.4714285714285,5979.25,61491.666666666664,4032.0,4305.777777777777,3859.8333333333335,136609.16666666666,3746.9166666666665,5877.5,3069.1666666666665,3164.4166666666665,15974.545454545454,13887.916666666666,14002.0,20365.416666666668,11705.555555555555,490.85,3654.153846153846,1415.0,18799.166666666668,68712.5,13270.454545454546,220023.33333333334,578.7166666666667,6152.333333333333,61807.5,4044.5,4202.4,3776.9166666666665,137533.33333333334,3626.8333333333335,6030.0,3071.5,3184.7272727272725,16214.0,13736.666666666666,14269.0,20966.666666666668,11828.0,509.2228571428572,3616.076923076923,1388.5833333333333,18969.583333333332,69205.0,14107.916666666666,229243.63636363635,596.7666666666668,6324.75,64870.0,3850.5,4407.2,3706.5,140310.0,3543.9166666666665,6073.454545454545,3224.8333333333335,3278.25,16240.833333333334,13884.583333333334,15844.0,21130.833333333332,12937.222222222223,505.525,3657.5,1409.3333333333333,19086.666666666668,72689.16666666667,13593.333333333334,226776.66666666666,606.3538461538462,6357.333333333333,64420.0,3879.3333333333335,4421.5,3780.5,134106.66666666666,3597.8333333333335,6200.166666666667,3294.9166666666665,3250.9166666666665,16229.545454545454,13585.416666666666,14750.5,20992.5,12173.0,514.9599999999999,3675.2,1654.1666666666667,19325.416666666668,72352.5
9,2024-03-11 to 2024-03-17,42,45,77,8,42,103,36,77,55,0,4,42,194,79,70,245,104,11,247,94,46,829,792,622,41,7,1,25,192,95,126,305,207,558,500,222,221,116,0,1,183,550,3126.577516985794,23145.976839237057,11.15224646983312,0.46188458434221147,13270.454545454546,220023.33333333334,578.7166666666667,6152.333333333333,61807.5,4044.5,4202.4,3776.9166666666665,137533.33333333334,3626.8333333333335,6030.0,3071.5,3184.7272727272725,16214.0,13736.666666666666,14269.0,20966.666666666668,11828.0,509.2228571428572,3616.076923076923,1388.5833333333333,18969.583333333332,69205.0,14107.916666666666,229243.63636363635,596.7666666666668,6324.75,64870.0,3850.5,4407.2,3706.5,140310.0,3543.9166666666665,6073.454545454545,3224.8333333333335,3278.25,16240.833333333334,13884.583333333334,15844.0,21130.833333333332,12937.222222222223,505.525,3657.5,1409.3333333333333,19086.666666666668,72689.16666666667,13593.333333333334,226776.66666666666,606.3538461538462,6357.333333333333,64420.0,3879.3333333333335,4421.5,3780.5,134106.66666666666,3597.8333333333335,6200.166666666667,3294.9166666666665,3250.9166666666665,16229.545454545454,13585.416666666666,14750.5,20992.5,12173.0,514.9599999999999,3675.2,1654.1666666666667,19325.416666666668,72352.5,13592.727272727272,227434.0,611.3714285714286,6501.5,65152.0,3733.0,4489.272727272727,3657.8333333333335,132300.83333333334,3476.3333333333335,6274.666666666667,3356.6666666666665,3313.75,16431.666666666668,13504.166666666666,14926.5,20891.25,12205.5,535.4675,3721.714285714286,1618.5833333333333,19589.583333333332,73189.16666666667
10,2024-03-18 to 2024-03-24,58,49,124,16,64,106,65,140,102,0,15,34,198,138,94,335,185,13,465,88,84,1177,1196,835,78,16,5,33,364,156,178,462,245,841,724,321,339,130,0,4,272,729,2536.6838111298484,20328.81094527363,11.057372400756144,0.3715581470683511,14107.916666666666,229243.63636363635,596.7666666666668,6324.75,64870.0,3850.5,4407.2,3706.5,140310.0,3543.9166666666665,6073.454545454545,3224.8333333333335,3278.25,16240.833333333334,13884.583333333334,15844.0,21130.833333333332,12937.222222222223,505.525,3657.5,1409.3333333333333,19086.666666666668,72689.16666666667,13593.333333333334,226776.66666666666,606.3538461538462,6357.333333333333,64420.0,3879.3333333333335,4421.5,3780.5,134106.66666666666,3597.8333333333335,6200.166666666667,3294.9166666666665,3250.9166666666665,16229.545454545454,13585.416666666666,14750.5,20992.5,12173.0,514.9599999999999,3675.2,1654.1666666666667,19325.416666666668,72352.5,13592.727272727272,227434.0,611.3714285714286,6501.5,65152.0,3733.0,4489.272727272727,3657.8333333333335,132300.83333333334,3476.3333333333335,6274.666666666667,3356.6666666666665,3313.75,16431.666666666668,13504.166666666666,14926.5,20891.25,12205.5,535.4675,3721.714285714286,1618.5833333333333,19589.583333333332,73189.16666666667,13616.363636363636,236052.5,622.9923076923077,7128.0,67337.5,3816.3333333333335,4512.75,3731.5833333333335,137657.5,3526.4166666666665,6203.0,3402.25,3325.5833333333335,16473.333333333332,13811.666666666666,15010.5,21596.666666666668,12487.5,556.27,3759.3846153846152,1742.1000000000001,20024.583333333332,75707.5
11,2024-03-25 to 2024-03-31,35,58,95,7,49,148,59,138,88,1004,13,18,65,173,75,371,179,24,1168,106,81,1963,1991,790,61,84,5,25,1449,245,197,618,479,2269,833,387,281,160,0,4,217,802,1811.364027321022,21857.039100684262,9.690940288263556,0.414093137254902,13593.333333333334,226776.66666666666,606.3538461538462,6357.333333333333,64420.0,3879.3333333333335,4421.5,3780.5,134106.66666666666,3597.8333333333335,6200.166666666667,3294.9166666666665,3250.9166666666665,16229.545454545454,13585.416666666666,14750.5,20992.5,12173.0,514.9599999999999,3675.2,1654.1666666666667,19325.416666666668,72352.5,13592.727272727272,227434.0,611.3714285714286,6501.5,65152.0,3733.0,4489.272727272727,3657.8333333333335,132300.83333333334,3476.3333333333335,6274.666666666667,3356.6666666666665,3313.75,16431.666666666668,13504.166666666666,14926.5,20891.25,12205.5,535.4675,3721.714285714286,1618.5833333333333,19589.583333333332,73189.16666666667,13616.363636363636,236052.5,622.9923076923077,7128.0,67337.5,3816.3333333333335,4512.75,3731.5833333333335,137657.5,3526.4166666666665,6203.0,3402.25,3325.5833333333335,16473.333333333332,13811.666666666666,15010.5,21596.666666666668,12487.5,556.27,3759.3846153846152,1742.1000000000001,20024.583333333332,75707.5,13445.0,260896.66666666666,629.1666666666666,7435.416666666667,68426.66666666667,3861.6666666666665,4551.777777777777,3785.3333333333335,140329.16666666666,3581.8333333333335,6405.166666666667,3481.0,3481.181818181818,16710.416666666668,14027.5,14913.5,22676.666666666668,12159.285714285714,565.7225,3773.3076923076924,2000.2666666666664,20619.166666666668,77247.5
12,2024-04-01 to 2024-04-07,28,62,120,14,64,215,61,177,90,0,11,34,207,160,105,0,266,37,449,116,88,1155,1149,818,81,11,0,10,315,175,183,556,150,1019,599,284,243,146,0,4,231,737,2610.6476729012616,20816.40534979424,10.830280957336107,0.5297278911564626,13592.727272727272,227434.0,611.3714285714286,6501.5,65152.0,3733.0,4489.272727272727,3657.8333333333335,132300.83333333334,3476.3333333333335,6274.666666666667,3356.6666666666665,3313.75,16431.666666666668,13504.166666666666,14926.5,20891.25,12205.5,535.4675,3721.714285714286,1618.5833333333333,19589.583333333332,73189.16666666667,13616.363636363636,236052.5,622.9923076923077,7128.0,67337.5,3816.3333333333335,4512.75,3731.5833333333335,137657.5,3526.4166666666665,6203.0,3402.25,3325.5833333333335,16473.333333333332,13811.666666666666,15010.5,21596.666666666668,12487.5,556.27,3759.3846153846152,1742.1000000000001,20024.583333333332,75707.5,13445.0,260896.66666666666,629.1666666666666,7435.416666666667,68426.66666666667,3861.6666666666665,4551.777777777777,3785.3333333333335,140329.16666666666,3581.8333333333335,6405.166666666667,3481.0,3481.181818181818,16710.416666666668,14027.5,14913.5,22676.666666666668,12159.285714285714,565.7225,3773.3076923076924,2000.2666666666664,20619.166666666668,77247.5,13215.0,277586.6666666667,610.1166666666667,7189.0,71261.66666666667,3907.0,4399.5,3822.5833333333335,145190.83333333334,3648.0,6327.636363636364,3382.4166666666665,3470.1666666666665,16900.833333333332,14278.333333333334,14715.0,22491.25,12164.545454545454,560.24,3706.8333333333335,2255.75,20460.0,79599.16666666667
13,2024-04-08 to 2024-04-14,39,56,122,8,67,141,96,171,78,0,13,46,153,166,108,317,192,18,305,149,83,1158,1170,803,57,9,0,36,381,148,184,516,193,797,753,299,302,156,0,7,273,834,2596.1670962199314,18203.857271095152,11.106981132075472,0.46517165005537103,13616.363636363636,236052.5,622.9923076923077,7128.0,67337.5,3816.3333333333335,4512.75,3731.5833333333335,137657.5,3526.4166666666665,6203.0,3402.25,3325.5833333333335,16473.333333333332,13811.666666666666,15010.5,21596.666666666668,12487.5,556.27,3759.3846153846152,1742.1000000000001,20024.583333333332,75707.5,13445.0,260896.66666666666,629.1666666666666,7435.416666666667,68426.66666666667,3861.6666666666665,4551.777777777777,3785.3333333333335,140329.16666666666,3581.8333333333335,6405.166666666667,3481.0,3481.181818181818,16710.416666666668,14027.5,14913.5,22676.666666666668,12159.285714285714,565.7225,3773.3076923076924,2000.2666666666664,20619.166666666668,77247.5,13215.0,277586.6666666667,610.1166666666667,7189.0,71261.66666666667,3907.0,4399.5,3822.5833333333335,145190.83333333334,3648.0,6327.636363636364,3382.4166666666665,3470.1666666666665,16900.833333333332,14278.333333333334,14715.0,22491.25,12164.545454545454,560.24,3706.8333333333335,2255.75,20460.0,79599.16666666667,13262.857142857143,260865.0,628.6200000000001,7104.75,72210.0,3823.5,4425.25,3816.9166666666665,144423.33333333334,3649.5833333333335,6424.333333333333,3470.0,3682.0833333333335,17202.916666666668,14278.75,14503.0,22951.25,11873.636363636364,554.5,3747.090909090909,2300.316666666667,20449.583333333332,81041.66666666667
14,2024-04-15 to 2024-04-21,32,51,121,11,80,150,49,123,118,0,11,28,205,139,91,282,220,22,441,119,77,1173,1197,848,85,7,2,23,395,141,194,489,185,941,635,311,291,174,0,1,282,830,2739.3575348248205,18908.06828391734,11.58810408921933,0.4746320346320346,13445.0,260896.66666666666,629.1666666666666,7435.416666666667,68426.66666666667,3861.6666666666665,4551.777777777777,3785.3333333333335,140329.16666666666,3581.8333333333335,6405.166666666667,3481.0,3481.181818181818,16710.416666666668,14027.5,14913.5,22676.666666666668,12159.285714285714,565.7225,3773.3076923076924,2000.2666666666664,20619.166666666668,77247.5,13215.0,277586.6666666667,610.1166666666667,7189.0,71261.66666666667,3907.0,4399.5,3822.5833333333335,145190.83333333334,3648.0,6327.636363636364,3382.4166666666665,3470.1666666666665,16900.833333333332,14278.333333333334,14715.0,22491.25,12164.545454545454,560.24,3706.8333333333335,2255.75,20460.0,79599.16666666667,13262.857142857143,260865.0,628.6200000000001,7104.75,72210.0,3823.5,4425.25,3816.9166666666665,144423.33333333334,3649.5833333333335,6424.333333333333,3470.0,3682.0833333333335,17202.916666666668,14278.75,14503.0,22951.25,11873.636363636364,554.5,3747.090909090909,2300.316666666667,20449.583333333332,81041.66666666667,13060.0,263591.6666666667,590.3,7078.166666666667,72646.0,3803.25,4218.727272727273,3861.6666666666665,146439.16666666666,3699.9166666666665,6459.166666666667,3331.0,3756.75,17577.083333333332,14408.333333333334,14426.0,23267.5,11878.0,549.325,3639.214285714286,2300.1,20672.916666666668,81256.66666666667
15,2024-04-22 to 2024-04-28,50,63,110,11,81,184,68,126,74,683,9,56,201,196,118,306,209,16,1120,142,80,1927,1976,993,55,95,8,45,1087,270,258,663,425,2154,805,395,348,186,0,4,313,926,2074.6083611182353,20585.251810136764,10.283433133732535,0.4151034151034151,13215.0,277586.6666666667,610.1166666666667,7189.0,71261.66666666667,3907.0,4399.5,3822.5833333333335,145190.83333333334,3648.0,6327.636363636364,3382.4166666666665,3470.1666666666665,16900.833333333332,14278.333333333334,14715.0,22491.25,12164.545454545454,560.24,3706.8333333333335,2255.75,20460.0,79599.16666666667,13262.857142857143,260865.0,628.6200000000001,7104.75,72210.0,3823.5,4425.25,3816.9166666666665,144423.33333333334,3649.5833333333335,6424.333333333333,3470.0,3682.0833333333335,17202.916666666668,14278.75,14503.0,22951.25,11873.636363636364,554.5,3747.090909090909,2300.316666666667,20449.583333333332,81041.66666666667,13060.0,263591.6666666667,590.3,7078.166666666667,72646.0,3803.25,4218.727272727273,3861.6666666666665,146439.16666666666,3699.9166666666665,6459.166666666667,3331.0,3756.75,17577.083333333332,14408.333333333334,14426.0,23267.5,11878.0,549.325,3639.214285714286,2300.1,20672.916666666668,81256.66666666667,13281.0,266305.8333333333,588.58125,7326.818181818182,72637.5,3900.0,4192.916666666667,3813.1666666666665,145224.16666666666,3657.0,6313.166666666667,3298.25,3727.5,18058.333333333332,14218.333333333334,14663.0,23488.333333333332,12207.0,559.7142857142857,3639.6923076923076,3119.183333333333,20497.916666666668,81351.66666666667
16,2024-04-29 to 2024-05-05,58,47,136,11,71,147,63,163,44,322,8,60,302,211,76,95,162,17,579,90,89,1372,1379,809,213,42,0,14,584,156,195,501,235,1271,651,273,431,120,0,4,188,733,2414.036013095671,22754.58810810811,9.403302611367128,0.6482600732600733,13262.857142857143,260865.0,628.6200000000001,7104.75,72210.0,3823.5,4425.25,3816.9166666666665,144423.33333333334,3649.5833333333335,6424.333333333333,3470.0,3682.0833333333335,17202.916666666668,14278.75,14503.0,22951.25,11873.636363636364,554.5,3747.090909090909,2300.316666666667,20449.583333333332,81041.66666666667,13060.0,263591.6666666667,590.3,7078.166666666667,72646.0,3803.25,4218.727272727273,3861.6666666666665,146439.16666666666,3699.9166666666665,6459.166666666667,3331.0,3756.75,17577.083333333332,14408.333333333334,14426.0,23267.5,11878.0,549.325,3639.214285714286,2300.1,20672.916666666668,81256.66666666667,13281.0,266305.8333333333,588.58125,7326.818181818182,72637.5,3900.0,4192.916666666667,3813.1666666666665,145224.16666666666,3657.0,6313.166666666667,3298.25,3727.5,18058.333333333332,14218.333333333334,14663.0,23488.333333333332,12207.0,559.7142857142857,3639.6923076923076,3119.183333333333,20497.916666666668,81351.66666666667,13668.0,281562.5,596.7666666666667,8215.75,78632.0,3935.0,4250.833333333333,3865.75,159352.5,3709.5833333333335,6476.833333333333,3409.4166666666665,3867.9166666666665,18575.0,14517.916666666666,15266.0,24202.916666666668,12548.636363636364,582.5550000000001,3675.6666666666665,3092.7333333333336,20925.0,87671.66666666667
17,2024-05-06 to 2024-05-12,38,57,108,7,75,142,62,148,48,0,16,28,265,247,124,225,231,25,377,120,77,1205,1215,848,162,12,0,25,327,147,193,482,222,896,679,269,421,148,0,3,207,820,2667.20264681555,21619.192233009708,10.715577078288943,0.4728296080336897,13060.0,263591.6666666667,590.3,7078.166666666667,72646.0,3803.25,4218.727272727273,3861.6666666666665,146439.16666666666,3699.9166666666665,6459.166666666667,3331.0,3756.75,17577.083333333332,14408.333333333334,14426.0,23267.5,11878.0,549.325,3639.214285714286,2300.1,20672.916666666668,81256.66666666667,13281.0,266305.8333333333,588.58125,7326.818181818182,72637.5,3900.0,4192.916666666667,3813.1666666666665,145224.16666666666,3657.0,6313.166666666667,3298.25,3727.5,18058.333333333332,14218.333333333334,14663.0,23488.333333333332,12207.0,559.7142857142857,3639.6923076923076,3119.183333333333,20497.916666666668,81351.66666666667,13668.0,281562.5,596.7666666666667,8215.75,78632.0,3935.0,4250.833333333333,3865.75,159352.5,3709.5833333333335,6476.833333333333,3409.4166666666665,3867.9166666666665,18575.0,14517.916666666666,15266.0,24202.916666666668,12548.636363636364,582.5550000000001,3675.6666666666665,3092.7333333333336,20925.0,87671.66666666667,13774.444444444445,274964.54545454547,588.3714285714286,8094.083333333333,74678.0,3849.3333333333335,4103.166666666667,3871.75,155557.5,3745.4166666666665,6382.666666666667,3403.5,4013.75,18315.0,14761.666666666666,15374.0,24703.75,12873.181818181818,559.8499999999999,3637.769230769231,3200.0333333333333,20961.25,83928.33333333333
18,2024-05-13 to 2024-05-19,32,76,98,15,63,182,76,146,76,0,9,36,209,212,85,315,207,12,466,114,70,1252,1247,911,69,12,0,27,358,192,180,501,249,963,719,276,372,159,0,1,217,840,2514.2545018007204,21735.80056710775,10.984528605962932,0.5258105369807498,13281.0,266305.8333333333,588.58125,7326.818181818182,72637.5,3900.0,4192.916666666667,3813.1666666666665,145224.16666666666,3657.0,6313.166666666667,3298.25,3727.5,18058.333333333332,14218.333333333334,14663.0,23488.333333333332,12207.0,559.7142857142857,3639.6923076923076,3119.183333333333,20497.916666666668,81351.66666666667,13668.0,281562.5,596.7666666666667,8215.75,78632.0,3935.0,4250.833333333333,3865.75,159352.5,3709.5833333333335,6476.833333333333,3409.4166666666665,3867.9166666666665,18575.0,14517.916666666666,15266.0,24202.916666666668,12548.636363636364,582.5550000000001,3675.6666666666665,3092.7333333333336,20925.0,87671.66666666667,13774.444444444445,274964.54545454547,588.3714285714286,8094.083333333333,74678.0,3849.3333333333335,4103.166666666667,3871.75,155557.5,3745.4166666666665,6382.666666666667,3403.5,4013.75,18315.0,14761.666666666666,15374.0,24703.75,12873.181818181818,559.8499999999999,3637.769230769231,3200.0333333333333,20961.25,83928.33333333333,14188.0,267684.1666666667,587.12,7979.166666666667,72946.66666666667,3915.75,4039.3636363636365,3801.4166666666665,149674.16666666666,3660.5,6167.666666666667,3322.5,3806.1666666666665,18569.166666666668,14560.833333333334,15570.5,24205.0,13056.666666666666,554.485,3567.6428571428573,3001.5,21273.333333333332,82020.83333333333
19,2024-05-20 to 2024-05-26,36,49,130,12,78,178,91,136,123,364,12,22,214,247,121,283,167,46,987,169,76,1767,1774,983,163,69,2,21,784,251,210,647,408,1816,738,382,376,198,0,7,323,828,2145.68117580554,21131.333333333332,9.96765655261459,0.32254901960784316,13668.0,281562.5,596.7666666666667,8215.75,78632.0,3935.0,4250.833333333333,3865.75,159352.5,3709.5833333333335,6476.833333333333,3409.4166666666665,3867.9166666666665,18575.0,14517.916666666666,15266.0,24202.916666666668,12548.636363636364,582.5550000000001,3675.6666666666665,3092.7333333333336,20925.0,87671.66666666667,13774.444444444445,274964.54545454547,588.3714285714286,8094.083333333333,74678.0,3849.3333333333335,4103.166666666667,3871.75,155557.5,3745.4166666666665,6382.666666666667,3403.5,4013.75,18315.0,14761.666666666666,15374.0,24703.75,12873.181818181818,559.8499999999999,3637.769230769231,3200.0333333333333,20961.25,83928.33333333333,14188.0,267684.1666666667,587.12,7979.166666666667,72946.66666666667,3915.75,4039.3636363636365,3801.4166666666665,149674.16666666666,3660.5,6167.666666666667,3322.5,3806.1666666666665,18569.166666666668,14560.833333333334,15570.5,24205.0,13056.666666666666,554.485,3567.6428571428573,3001.5,21273.333333333332,82020.83333333333,15037.083333333334,264937.5,584.6833333333333,7709.166666666667,71218.0,3872.0,4057.6666666666665,3775.1666666666665,141682.5,3590.9166666666665,6176.5,3292.5833333333335,3812.9166666666665,18545.0,14231.666666666666,15988.0,23587.5,13451.666666666666,548.02,3495.785714285714,3275.2999999999997,21036.666666666668,80127.5
20,2024-05-27 to 2024-06-02,41,46,102,5,57,152,64,123,75,638,14,24,168,255,95,179,153,44,596,148,71,1529,1521,795,148,68,6,30,713,177,169,522,421,1631,583,364,289,166,0,13,266,663,2156.085273860282,20947.434182590234,8.959973315543696,0.31920426065162905,13774.444444444445,274964.54545454547,588.3714285714286,8094.083333333333,74678.0,3849.3333333333335,4103.166666666667,3871.75,155557.5,3745.4166666666665,6382.666666666667,3403.5,4013.75,18315.0,14761.666666666666,15374.0,24703.75,12873.181818181818,559.8499999999999,3637.769230769231,3200.0333333333333,20961.25,83928.33333333333,14188.0,267684.1666666667,587.12,7979.166666666667,72946.66666666667,3915.75,4039.3636363636365,3801.4166666666665,149674.16666666666,3660.5,6167.666666666667,3322.5,3806.1666666666665,18569.166666666668,14560.833333333334,15570.5,24205.0,13056.666666666666,554.485,3567.6428571428573,3001.5,21273.333333333332,82020.83333333333,15037.083333333334,264937.5,584.6833333333333,7709.166666666667,71218.0,3872.0,4057.6666666666665,3775.1666666666665,141682.5,3590.9166666666665,6176.5,3292.5833333333335,3812.9166666666665,18545.0,14231.666666666666,15988.0,23587.5,13451.666666666666,548.02,3495.785714285714,3275.2999999999997,21036.666666666668,80127.5,14873.333333333334,266586.6666666667,586.0692307692308,7710.666666666667,69973.33333333333,3849.5,4120.181818181818,3785.181818181818,137435.0,3603.3333333333335,6098.0,3286.5833333333335,3749.4545454545455,18373.75,13978.333333333334,15347.5,23102.083333333332,12801.5,553.3199999999999,3502.5,3641.15,20365.416666666668,78463.33333333333
21,2024-06-03 to 2024-06-09,59,42,109,5,55,213,84,99,87,0,13,20,235,133,84,219,197,43,304,152,75,1086,1142,805,149,8,1,31,338,90,161,440,203,940,572,277,287,141,0,30,278,650,2503.119946091644,19020.362212943633,10.526678603401969,0.47438867438867444,14188.0,267684.1666666667,587.12,7979.166666666667,72946.66666666667,3915.75,4039.3636363636365,3801.4166666666665,149674.16666666666,3660.5,6167.666666666667,3322.5,3806.1666666666665,18569.166666666668,14560.833333333334,15570.5,24205.0,13056.666666666666,554.485,3567.6428571428573,3001.5,21273.333333333332,82020.83333333333,15037.083333333334,264937.5,584.6833333333333,7709.166666666667,71218.0,3872.0,4057.6666666666665,3775.1666666666665,141682.5,3590.9166666666665,6176.5,3292.5833333333335,3812.9166666666665,18545.0,14231.666666666666,15988.0,23587.5,13451.666666666666,548.02,3495.785714285714,3275.2999999999997,21036.666666666668,80127.5,14873.333333333334,266586.6666666667,586.0692307692308,7710.666666666667,69973.33333333333,3849.5,4120.181818181818,3785.181818181818,137435.0,3603.3333333333335,6098.0,3286.5833333333335,3749.4545454545455,18373.75,13978.333333333334,15347.5,23102.083333333332,12801.5,553.3199999999999,3502.5,3641.15,20365.416666666668,78463.33333333333,14739.444444444445,274026.36363636365,601.4727272727273,7884.0,70084.0,3765.6666666666665,4244.111111111111,3737.4166666666665,136357.5,3558.75,5995.0,3433.6666666666665,3802.25,18499.583333333332,14118.75,15526.0,23611.666666666668,12848.5,555.2275,3564.3076923076924,4000.4833333333336,20430.416666666668,78855.0
22,2024-06-10 to 2024-06-16,45,57,108,13,86,223,76,127,41,0,12,12,242,278,103,257,206,39,530,166,91,1350,1362,896,196,15,29,33,387,127,193,576,259,1247,695,233,344,184,0,26,279,765,2428.911840649207,20787.142056074765,10.578885630498535,0.485297378060536,15037.083333333334,264937.5,584.6833333333333,7709.166666666667,71218.0,3872.0,4057.6666666666665,3775.1666666666665,141682.5,3590.9166666666665,6176.5,3292.5833333333335,3812.9166666666665,18545.0,14231.666666666666,15988.0,23587.5,13451.666666666666,548.02,3495.785714285714,3275.2999999999997,21036.666666666668,80127.5,14873.333333333334,266586.6666666667,586.0692307692308,7710.666666666667,69973.33333333333,3849.5,4120.181818181818,3785.181818181818,137435.0,3603.3333333333335,6098.0,3286.5833333333335,3749.4545454545455,18373.75,13978.333333333334,15347.5,23102.083333333332,12801.5,553.3199999999999,3502.5,3641.15,20365.416666666668,78463.33333333333,14739.444444444445,274026.36363636365,601.4727272727273,7884.0,70084.0,3765.6666666666665,4244.111111111111,3737.4166666666665,136357.5,3558.75,5995.0,3433.6666666666665,3802.25,18499.583333333332,14118.75,15526.0,23611.666666666668,12848.5,555.2275,3564.3076923076924,4000.4833333333336,20430.416666666668,78855.0,14777.857142857143,273986.6666666667,605.6299999999999,7784.166666666667,69456.0,3770.5,4305.090909090909,3774.5,138280.83333333334,3583.3333333333335,5976.5,3433.9166666666665,3839.5,19033.333333333332,14329.166666666666,15583.0,24243.333333333332,12731.25,555.485,3604.8,3982.65,20428.333333333332,78340.0
23,2024-06-17 to 2024-06-23,56,62,120,10,111,124,50,136,41,60,13,34,170,197,48,260,169,19,933,134,73,1407,1413,867,66,50,6,37,493,220,181,615,283,1364,673,259,348,157,0,24,220,743,2358.2837357954545,22583.64539007092,11.216435986159171,0.5386533466533466,14873.333333333334,266586.6666666667,586.0692307692308,7710.666666666667,69973.33333333333,3849.5,4120.181818181818,3785.181818181818,137435.0,3603.3333333333335,6098.0,3286.5833333333335,3749.4545454545455,18373.75,13978.333333333334,15347.5,23102.083333333332,12801.5,553.3199999999999,3502.5,3641.15,20365.416666666668,78463.33333333333,14739.444444444445,274026.36363636365,601.4727272727273,7884.0,70084.0,3765.6666666666665,4244.111111111111,3737.4166666666665,136357.5,3558.75,5995.0,3433.6666666666665,3802.25,18499.583333333332,14118.75,15526.0,23611.666666666668,12848.5,555.2275,3564.3076923076924,4000.4833333333336,20430.416666666668,78855.0,14777.857142857143,273986.6666666667,605.6299999999999,7784.166666666667,69456.0,3770.5,4305.090909090909,3774.5,138280.83333333334,3583.3333333333335,5976.5,3433.9166666666665,3839.5,19033.333333333332,14329.166666666666,15583.0,24243.333333333332,12731.25,555.485,3604.8,3982.65,20428.333333333332,78340.0,14696.111111111111,276406.6666666667,606.02,8200.166666666666,71690.0,3703.0,4336.454545454545,3729.1666666666665,139789.16666666666,3541.25,5869.666666666667,3411.0,3872.4166666666665,18912.5,14355.0,15230.5,24318.333333333332,12473.888888888889,565.1324999999999,3611.3076923076924,3724.933333333333,20470.416666666668,80467.5
24,2024-06-24 to 2024-06-30,40,54,124,16,56,156,65,155,59,941,10,30,237,157,101,264,169,12,1229,138,64,2027,2050,984,55,90,8,32,1015,339,174,719,657,2370,734,423,358,164,0,21,269,831,2043.9774122268598,22735.550401427296,10.636542669584246,0.49028239202657803,14739.444444444445,274026.36363636365,601.4727272727273,7884.0,70084.0,3765.6666666666665,4244.111111111111,3737.4166666666665,136357.5,3558.75,5995.0,3433.6666666666665,3802.25,18499.583333333332,14118.75,15526.0,23611.666666666668,12848.5,555.2275,3564.3076923076924,4000.4833333333336,20430.416666666668,78855.0,14777.857142857143,273986.6666666667,605.6299999999999,7784.166666666667,69456.0,3770.5,4305.090909090909,3774.5,138280.83333333334,3583.3333333333335,5976.5,3433.9166666666665,3839.5,19033.333333333332,14329.166666666666,15583.0,24243.333333333332,12731.25,555.485,3604.8,3982.65,20428.333333333332,78340.0,14696.111111111111,276406.6666666667,606.02,8200.166666666666,71690.0,3703.0,4336.454545454545,3729.1666666666665,139789.16666666666,3541.25,5869.666666666667,3411.0,3872.4166666666665,18912.5,14355.0,15230.5,24318.333333333332,12473.888888888889,565.1324999999999,3611.3076923076924,3724.933333333333,20470.416666666668,80467.5,14417.777777777777,274454.54545454547,599.7636363636364,8123.666666666667,71054.0,3685.0,4251.888888888889,3752.25,135709.0909090909,3571.5454545454545,5821.666666666667,3367.4166666666665,3525.0,18947.5,14131.5,14995.0,24200.416666666668,12380.90909090909,570.9142857142857,3580.909090909091,3272.283333333333,20089.166666666668,79916.66666666667
25,2024-07-01 to 2024-07-07,43,76,117,7,71,182,53,121,50,0,12,28,186,159,98,7,198,14,453,134,82,1035,1056,784,80,21,12,10,327,104,152,444,156,954,506,212,255,151,0,21,155,684,2715.0511961722486,21733.88023255814,10.947010309278351,0.35807593307593305,14777.857142857143,273986.6666666667,605.6299999999999,7784.166666666667,69456.0,3770.5,4305.090909090909,3774.5,138280.83333333334,3583.3333333333335,5976.5,3433.9166666666665,3839.5,19033.333333333332,14329.166666666666,15583.0,24243.333333333332,12731.25,555.485,3604.8,3982.65,20428.333333333332,78340.0,14696.111111111111,276406.6666666667,606.02,8200.166666666666,71690.0,3703.0,4336.454545454545,3729.1666666666665,139789.16666666666,3541.25,5869.666666666667,3411.0,3872.4166666666665,18912.5,14355.0,15230.5,24318.333333333332,12473.888888888889,565.1324999999999,3611.3076923076924,3724.933333333333,20470.416666666668,80467.5,14417.777777777777,274454.54545454547,599.7636363636364,8123.666666666667,71054.0,3685.0,4251.888888888889,3752.25,135709.0909090909,3571.5454545454545,5821.666666666667,3367.4166666666665,3525.0,18947.5,14131.5,14995.0,24200.416666666668,12380.90909090909,570.9142857142857,3580.909090909091,3272.283333333333,20089.166666666668,79916.66666666667,14528.333333333334,254942.5,581.1818181818181,7670.333333333333,67462.5,3647.0,4052.0833333333335,3660.4166666666665,130723.33333333333,3488.1666666666665,5791.166666666667,3285.4166666666665,3495.25,18307.916666666668,14086.25,15253.333333333334,23221.666666666668,12481.111111111111,569.2574999999999,3514.230769230769,2929.7666666666664,19674.166666666668,75756.66666666667
26,2024-07-08 to 2024-07-14,37,57,128,6,54,143,49,104,57,0,9,65,224,158,123,246,199,20,373,127,66,1104,1141,845,72,17,6,23,332,131,193,416,207,907,617,244,303,149,0,17,280,713,2652.6748438893846,19488.90792079208,10.909554730983302,0.4101503759398496,14696.111111111111,276406.6666666667,606.02,8200.166666666666,71690.0,3703.0,4336.454545454545,3729.1666666666665,139789.16666666666,3541.25,5869.666666666667,3411.0,3872.4166666666665,18912.5,14355.0,15230.5,24318.333333333332,12473.888888888889,565.1324999999999,3611.3076923076924,3724.933333333333,20470.416666666668,80467.5,14417.777777777777,274454.54545454547,599.7636363636364,8123.666666666667,71054.0,3685.0,4251.888888888889,3752.25,135709.0909090909,3571.5454545454545,5821.666666666667,3367.4166666666665,3525.0,18947.5,14131.5,14995.0,24200.416666666668,12380.90909090909,570.9142857142857,3580.909090909091,3272.283333333333,20089.166666666668,79916.66666666667,14528.333333333334,254942.5,581.1818181818181,7670.333333333333,67462.5,3647.0,4052.0833333333335,3660.4166666666665,130723.33333333333,3488.1666666666665,5791.166666666667,3285.4166666666665,3495.25,18307.916666666668,14086.25,15253.333333333334,23221.666666666668,12481.111111111111,569.2574999999999,3514.230769230769,2929.7666666666664,19674.166666666668,75756.66666666667,14088.75,249792.5,566.5250000000001,7547.5,66210.0,3537.5,4168.833333333333,3544.6666666666665,133336.66666666666,3388.25,5805.166666666667,3230.846153846154,3464.0833333333335,17808.333333333332,14237.5,15081.5,22624.583333333332,12399.09090909091,574.5875,3476.1875,3194.9,19449.583333333332,75120.0
27,2024-07-15 to 2024-07-21,39,48,123,5,56,154,49,115,45,0,15,21,235,177,128,263,220,12,1003,166,79,1467,1486,912,109,78,23,28,544,310,222,492,232,1520,620,291,361,144,0,16,275,842,2358.0474576271185,20374.747572815533,10.77518409425626,0.4294467787114846,14417.777777777777,274454.54545454547,599.7636363636364,8123.666666666667,71054.0,3685.0,4251.888888888889,3752.25,135709.0909090909,3571.5454545454545,5821.666666666667,3367.4166666666665,3525.0,18947.5,14131.5,14995.0,24200.416666666668,12380.90909090909,570.9142857142857,3580.909090909091,3272.283333333333,20089.166666666668,79916.66666666667,14528.333333333334,254942.5,581.1818181818181,7670.333333333333,67462.5,3647.0,4052.0833333333335,3660.4166666666665,130723.33333333333,3488.1666666666665,5791.166666666667,3285.4166666666665,3495.25,18307.916666666668,14086.25,15253.333333333334,23221.666666666668,12481.111111111111,569.2574999999999,3514.230769230769,2929.7666666666664,19674.166666666668,75756.66666666667,14088.75,249792.5,566.5250000000001,7547.5,66210.0,3537.5,4168.833333333333,3544.6666666666665,133336.66666666666,3388.25,5805.166666666667,3230.846153846154,3464.0833333333335,17808.333333333332,14237.5,15081.5,22624.583333333332,12399.09090909091,574.5875,3476.1875,3194.9,19449.583333333332,75120.0,14003.5,246775.83333333334,527.9222222222221,7270.666666666667,64268.57142857143,3446.0,3906.25,3568.5,129962.5,3415.6666666666665,5726.5,2969.9166666666665,3497.5833333333335,17060.833333333332,14223.75,15184.0,21933.75,12643.333333333334,563.6,3410.375,3166.9500000000003,19124.166666666668,72705.0
28,2024-07-22 to 2024-07-28,42,50,124,13,56,122,52,103,53,741,11,20,276,167,110,379,161,16,730,168,85,1731,1748,913,211,77,11,38,725,177,193,598,533,1748,719,473,362,157,0,14,391,848,2221.1248561565017,17983.739824421387,10.343537906137184,0.31257495590828926,14528.333333333334,254942.5,581.1818181818181,7670.333333333333,67462.5,3647.0,4052.0833333333335,3660.4166666666665,130723.33333333333,3488.1666666666665,5791.166666666667,3285.4166666666665,3495.25,18307.916666666668,14086.25,15253.333333333334,23221.666666666668,12481.111111111111,569.2574999999999,3514.230769230769,2929.7666666666664,19674.166666666668,75756.66666666667,14088.75,249792.5,566.5250000000001,7547.5,66210.0,3537.5,4168.833333333333,3544.6666666666665,133336.66666666666,3388.25,5805.166666666667,3230.846153846154,3464.0833333333335,17808.333333333332,14237.5,15081.5,22624.583333333332,12399.09090909091,574.5875,3476.1875,3194.9,19449.583333333332,75120.0,14003.5,246775.83333333334,527.9222222222221,7270.666666666667,64268.57142857143,3446.0,3906.25,3568.5,129962.5,3415.6666666666665,5726.5,2969.9166666666665,3497.5833333333335,17060.833333333332,14223.75,15184.0,21933.75,12643.333333333334,563.6,3410.375,3166.9500000000003,19124.166666666668,72705.0,14012.142857142857,257626.66666666666,546.9538461538461,7221.583333333333,64095.0,3242.0,4061.9166666666665,3431.4545454545455,129553.33333333333,3285.75,5741.166666666667,3074.3333333333335,3615.1666666666665,17416.25,13888.333333333334,15527.5,22754.583333333332,12825.0,568.29,3389.75,2911.5833333333335,19379.166666666668,72621.66666666667
29,2024-07-29 to 2024-08-04,23,37,96,8,38,141,50,96,45,264,6,18,70,106,129,108,141,19,465,137,49,1013,1033,604,58,31,3,19,394,149,146,422,219,1055,413,271,185,114,0,0,157,599,2331.2454767726163,21218.484126984127,10.734812286689419,0.45806878306878307,14088.75,249792.5,566.5250000000001,7547.5,66210.0,3537.5,4168.833333333333,3544.6666666666665,133336.66666666666,3388.25,5805.166666666667,3230.846153846154,3464.0833333333335,17808.333333333332,14237.5,15081.5,22624.583333333332,12399.09090909091,574.5875,3476.1875,3194.9,19449.583333333332,75120.0,14003.5,246775.83333333334,527.9222222222221,7270.666666666667,64268.57142857143,3446.0,3906.25,3568.5,129962.5,3415.6666666666665,5726.5,2969.9166666666665,3497.5833333333335,17060.833333333332,14223.75,15184.0,21933.75,12643.333333333334,563.6,3410.375,3166.9500000000003,19124.166666666668,72705.0,14012.142857142857,257626.66666666666,546.9538461538461,7221.583333333333,64095.0,3242.0,4061.9166666666665,3431.4545454545455,129553.33333333333,3285.75,5741.166666666667,3074.3333333333335,3615.1666666666665,17416.25,13888.333333333334,15527.5,22754.583333333332,12825.0,568.29,3389.75,2911.5833333333335,19379.166666666668,72621.66666666667,14315.555555555555,262145.45454545453,547.0636363636364,7481.75,65527.5,3169.0,4034.4166666666665,3235.4166666666665,131522.5,3194.5833333333335,5723.166666666667,3024.1666666666665,3725.4166666666665,16997.083333333332,13946.25,15826.0,22896.666666666668,12940.0,577.275,3384.5833333333335,2698.8166666666666,19732.916666666668,74016.66666666667
30,2024-08-05 to 2024-08-11,49,43,97,7,59,121,54,112,47,0,19,27,203,161,123,0,179,19,469,173,56,979,1039,748,97,17,2,13,334,101,156,409,137,920,472,240,258,117,0,17,173,652,2703.1012909632573,21917.78028503563,10.800622406639004,0.35720686123911927,14003.5,246775.83333333334,527.9222222222221,7270.666666666667,64268.57142857143,3446.0,3906.25,3568.5,129962.5,3415.6666666666665,5726.5,2969.9166666666665,3497.5833333333335,17060.833333333332,14223.75,15184.0,21933.75,12643.333333333334,563.6,3410.375,3166.9500000000003,19124.166666666668,72705.0,14012.142857142857,257626.66666666666,546.9538461538461,7221.583333333333,64095.0,3242.0,4061.9166666666665,3431.4545454545455,129553.33333333333,3285.75,5741.166666666667,3074.3333333333335,3615.1666666666665,17416.25,13888.333333333334,15527.5,22754.583333333332,12825.0,568.29,3389.75,2911.5833333333335,19379.166666666668,72621.66666666667,14315.555555555555,262145.45454545453,547.0636363636364,7481.75,65527.5,3169.0,4034.4166666666665,3235.4166666666665,131522.5,3194.5833333333335,5723.166666666667,3024.1666666666665,3725.4166666666665,16997.083333333332,13946.25,15826.0,22896.666666666668,12940.0,577.275,3384.5833333333335,2698.8166666666666,19732.916666666668,74016.66666666667,14705.555555555555,265508.3333333333,543.0230769230769,7702.833333333333,66718.0,3286.0,4002.0833333333335,3377.0833333333335,132845.83333333334,3300.5833333333335,5865.166666666667,3030.6666666666665,3676.75,17425.454545454544,14010.0,16097.0,23684.583333333332,13279.5,579.8399999999999,3278.4666666666667,2832.2000000000003,20072.5,75262.5
31,2024-08-12 to 2024-08-18,39,57,129,9,80,134,75,131,35,0,12,39,324,165,146,221,190,14,644,227,71,1371,1371,825,217,32,15,25,499,168,212,543,201,1243,660,300,376,147,0,43,321,748,2288.287541103398,18018.821043165466,10.468685258964143,0.2960531960531961,14012.142857142857,257626.66666666666,546.9538461538461,7221.583333333333,64095.0,3242.0,4061.9166666666665,3431.4545454545455,129553.33333333333,3285.75,5741.166666666667,3074.3333333333335,3615.1666666666665,17416.25,13888.333333333334,15527.5,22754.583333333332,12825.0,568.29,3389.75,2911.5833333333335,19379.166666666668,72621.66666666667,14315.555555555555,262145.45454545453,547.0636363636364,7481.75,65527.5,3169.0,4034.4166666666665,3235.4166666666665,131522.5,3194.5833333333335,5723.166666666667,3024.1666666666665,3725.4166666666665,16997.083333333332,13946.25,15826.0,22896.666666666668,12940.0,577.275,3384.5833333333335,2698.8166666666666,19732.916666666668,74016.66666666667,14705.555555555555,265508.3333333333,543.0230769230769,7702.833333333333,66718.0,3286.0,4002.0833333333335,3377.0833333333335,132845.83333333334,3300.5833333333335,5865.166666666667,3030.6666666666665,3676.75,17425.454545454544,14010.0,16097.0,23684.583333333332,13279.5,579.8399999999999,3278.4666666666667,2832.2000000000003,20072.5,75262.5,14775.555555555555,257259.16666666666,520.1285714285715,7258.333333333333,65382.0,3337.8333333333335,3832.4545454545455,3311.5454545454545,129516.66666666667,3231.1666666666665,5898.0,2872.9166666666665,3687.3333333333335,17044.090909090908,13845.416666666666,16061.0,22960.833333333332,13218.75,574.4275,3258.6666666666665,1711.45,19725.833333333332,73933.33333333333
32,2024-08-19 to 2024-08-25,38,64,125,7,80,162,74,151,60,348,11,19,249,157,202,431,178,28,928,186,55,1761,1792,921,211,77,2,39,902,271,184,601,337,1819,801,394,372,143,0,23,380,794,2017.9929478138222,18170.611528822054,9.89799092676604,0.4362038754895898,14315.555555555555,262145.45454545453,547.0636363636364,7481.75,65527.5,3169.0,4034.4166666666665,3235.4166666666665,131522.5,3194.5833333333335,5723.166666666667,3024.1666666666665,3725.4166666666665,16997.083333333332,13946.25,15826.0,22896.666666666668,12940.0,577.275,3384.5833333333335,2698.8166666666666,19732.916666666668,74016.66666666667,14705.555555555555,265508.3333333333,543.0230769230769,7702.833333333333,66718.0,3286.0,4002.0833333333335,3377.0833333333335,132845.83333333334,3300.5833333333335,5865.166666666667,3030.6666666666665,3676.75,17425.454545454544,14010.0,16097.0,23684.583333333332,13279.5,579.8399999999999,3278.4666666666667,2832.2000000000003,20072.5,75262.5,14775.555555555555,257259.16666666666,520.1285714285715,7258.333333333333,65382.0,3337.8333333333335,3832.4545454545455,3311.5454545454545,129516.66666666667,3231.1666666666665,5898.0,2872.9166666666665,3687.3333333333335,17044.090909090908,13845.416666666666,16061.0,22960.833333333332,13218.75,574.4275,3258.6666666666665,1711.45,19725.833333333332,73933.33333333333,14899.444444444445,250622.0,493.5857142857143,7002.5,64278.0,3389.75,3723.25,3156.0833333333335,124436.66666666667,3082.6666666666665,5730.166666666667,2746.75,3578.0,16393.333333333332,13525.833333333334,16560.0,22139.583333333332,13482.0,572.79,3131.1875,1429.8666666666668,19369.166666666668,72565.83333333333
33,2024-08-26 to 2024-09-01,52,51,91,4,75,133,63,123,30,652,13,38,224,112,120,348,183,4,589,144,54,1547,1556,728,263,48,4,27,804,174,144,492,419,1591,599,330,438,132,0,0,294,641,2013.115694489204,18742.29732620321,9.127398205659075,0.3809243917002537,14705.555555555555,265508.3333333333,543.0230769230769,7702.833333333333,66718.0,3286.0,4002.0833333333335,3377.0833333333335,132845.83333333334,3300.5833333333335,5865.166666666667,3030.6666666666665,3676.75,17425.454545454544,14010.0,16097.0,23684.583333333332,13279.5,579.8399999999999,3278.4666666666667,2832.2000000000003,20072.5,75262.5,14775.555555555555,257259.16666666666,520.1285714285715,7258.333333333333,65382.0,3337.8333333333335,3832.4545454545455,3311.5454545454545,129516.66666666667,3231.1666666666665,5898.0,2872.9166666666665,3687.3333333333335,17044.090909090908,13845.416666666666,16061.0,22960.833333333332,13218.75,574.4275,3258.6666666666665,1711.45,19725.833333333332,73933.33333333333,14899.444444444445,250622.0,493.5857142857143,7002.5,64278.0,3389.75,3723.25,3156.0833333333335,124436.66666666667,3082.6666666666665,5730.166666666667,2746.75,3578.0,16393.333333333332,13525.833333333334,16560.0,22139.583333333332,13482.0,572.79,3131.1875,1429.8666666666668,19369.166666666668,72565.83333333333,15735.0,254707.77777777778,508.2799999999999,7471.666666666667,66055.0,3485.0,3735.0,3212.1666666666665,125593.63636363637,3142.909090909091,5599.833333333333,2806.9166666666665,3764.0,16438.333333333332,13626.5,17382.5,23307.5,14167.727272727272,586.6850000000001,3098.266666666667,1476.5166666666667,19952.916666666668,74501.66666666667
34,2024-09-02 to 2024-09-08,83,52,124,5,77,131,92,174,59,0,12,26,228,158,148,0,148,17,417,180,88,1093,1126,780,89,12,0,13,361,96,146,558,163,942,540,286,283,155,0,5,168,605,2547.922452660054,21634.14910025707,10.033643122676581,0.36403508771929827,14775.555555555555,257259.16666666666,520.1285714285715,7258.333333333333,65382.0,3337.8333333333335,3832.4545454545455,3311.5454545454545,129516.66666666667,3231.1666666666665,5898.0,2872.9166666666665,3687.3333333333335,17044.090909090908,13845.416666666666,16061.0,22960.833333333332,13218.75,574.4275,3258.6666666666665,1711.45,19725.833333333332,73933.33333333333,14899.444444444445,250622.0,493.5857142857143,7002.5,64278.0,3389.75,3723.25,3156.0833333333335,124436.66666666667,3082.6666666666665,5730.166666666667,2746.75,3578.0,16393.333333333332,13525.833333333334,16560.0,22139.583333333332,13482.0,572.79,3131.1875,1429.8666666666668,19369.166666666668,72565.83333333333,15735.0,254707.77777777778,508.2799999999999,7471.666666666667,66055.0,3485.0,3735.0,3212.1666666666665,125593.63636363637,3142.909090909091,5599.833333333333,2806.9166666666665,3764.0,16438.333333333332,13626.5,17382.5,23307.5,14167.727272727272,586.6850000000001,3098.266666666667,1476.5166666666667,19952.916666666668,74501.66666666667,15254.166666666666,258480.9090909091,505.02500000000003,7519.083333333333,66920.0,3407.0,3907.4166666666665,3202.8333333333335,126680.0,3095.9166666666665,5752.166666666667,2877.5833333333335,3712.0,16506.81818181818,13500.416666666666,17303.0,23099.166666666668,14037.5,598.1624999999999,3093.0,1609.8333333333333,19832.083333333332,75255.0
35,2024-09-09 to 2024-09-15,81,52,120,12,61,127,76,114,67,0,11,34,183,164,163,176,228,31,376,184,85,1165,1180,886,91,13,0,18,444,103,150,470,169,974,631,239,335,153,0,8,216,714,2647.467576791809,22773.82409381663,10.909383886255924,0.40462184873949575,14899.444444444445,250622.0,493.5857142857143,7002.5,64278.0,3389.75,3723.25,3156.0833333333335,124436.66666666667,3082.6666666666665,5730.166666666667,2746.75,3578.0,16393.333333333332,13525.833333333334,16560.0,22139.583333333332,13482.0,572.79,3131.1875,1429.8666666666668,19369.166666666668,72565.83333333333,15735.0,254707.77777777778,508.2799999999999,7471.666666666667,66055.0,3485.0,3735.0,3212.1666666666665,125593.63636363637,3142.909090909091,5599.833333333333,2806.9166666666665,3764.0,16438.333333333332,13626.5,17382.5,23307.5,14167.727272727272,586.6850000000001,3098.266666666667,1476.5166666666667,19952.916666666668,74501.66666666667,15254.166666666666,258480.9090909091,505.02500000000003,7519.083333333333,66920.0,3407.0,3907.4166666666665,3202.8333333333335,126680.0,3095.9166666666665,5752.166666666667,2877.5833333333335,3712.0,16506.81818181818,13500.416666666666,17303.0,23099.166666666668,14037.5,598.1624999999999,3093.0,1609.8333333333333,19832.083333333332,75255.0,16135.0,265135.45454545453,506.0285714285715,7832.333333333333,70447.5,3674.3333333333335,3954.0,3668.75,134558.33333333334,3562.3333333333335,5897.833333333333,2801.4545454545455,3930.8333333333335,17070.416666666668,14255.0,19429.5,24790.416666666668,15333.333333333334,599.7775,3165.0625,2184.5166666666664,20559.166666666668,78918.33333333333
36,2024-09-16 to 2024-09-22,85,55,126,7,66,136,84,174,75,71,16,21,261,190,139,452,207,6,448,216,78,1457,1456,926,216,13,0,35,525,115,156,674,251,1117,824,321,498,136,0,11,318,770,2323.466002747253,20915.87989080983,10.531062874251496,0.12623809523809523,15735.0,254707.77777777778,508.2799999999999,7471.666666666667,66055.0,3485.0,3735.0,3212.1666666666665,125593.63636363637,3142.909090909091,5599.833333333333,2806.9166666666665,3764.0,16438.333333333332,13626.5,17382.5,23307.5,14167.727272727272,586.6850000000001,3098.266666666667,1476.5166666666667,19952.916666666668,74501.66666666667,15254.166666666666,258480.9090909091,505.02500000000003,7519.083333333333,66920.0,3407.0,3907.4166666666665,3202.8333333333335,126680.0,3095.9166666666665,5752.166666666667,2877.5833333333335,3712.0,16506.81818181818,13500.416666666666,17303.0,23099.166666666668,14037.5,598.1624999999999,3093.0,1609.8333333333333,19832.083333333332,75255.0,16135.0,265135.45454545453,506.0285714285715,7832.333333333333,70447.5,3674.3333333333335,3954.0,3668.75,134558.33333333334,3562.3333333333335,5897.833333333333,2801.4545454545455,3930.8333333333335,17070.416666666668,14255.0,19429.5,24790.416666666668,15333.333333333334,599.7775,3165.0625,2184.5166666666664,20559.166666666668,78918.33333333333,16063.0,266730.0,540.6866666666666,7718.916666666667,69192.0,3717.6666666666665,4080.0,3599.8333333333335,134998.33333333334,3507.0,5754.0,3032.9166666666665,3971.5,16981.25,14280.416666666666,18805.0,24904.166666666668,14832.5,599.4925000000001,3290.6,1704.2166666666665,20675.416666666668,77385.83333333333
37,2024-09-23 to 2024-09-29,78,46,125,3,58,134,74,135,59,823,10,13,295,210,171,342,221,20,1309,154,92,2201,2171,1003,160,72,25,37,1154,402,198,842,476,2424,870,473,440,140,0,20,316,831,1827.7302059496567,19827.650385604113,10.20671834625323,0.540299823633157,15254.166666666666,258480.9090909091,505.02500000000003,7519.083333333333,66920.0,3407.0,3907.4166666666665,3202.8333333333335,126680.0,3095.9166666666665,5752.166666666667,2877.5833333333335,3712.0,16506.81818181818,13500.416666666666,17303.0,23099.166666666668,14037.5,598.1624999999999,3093.0,1609.8333333333333,19832.083333333332,75255.0,16135.0,265135.45454545453,506.0285714285715,7832.333333333333,70447.5,3674.3333333333335,3954.0,3668.75,134558.33333333334,3562.3333333333335,5897.833333333333,2801.4545454545455,3930.8333333333335,17070.416666666668,14255.0,19429.5,24790.416666666668,15333.333333333334,599.7775,3165.0625,2184.5166666666664,20559.166666666668,78918.33333333333,16063.0,266730.0,540.6866666666666,7718.916666666667,69192.0,3717.6666666666665,4080.0,3599.8333333333335,134998.33333333334,3507.0,5754.0,3032.9166666666665,3971.5,16981.25,14280.416666666666,18805.0,24904.166666666668,14832.5,599.4925000000001,3290.6,1704.2166666666665,20675.416666666668,77385.83333333333,15759.444444444445,266748.0,539.7923076923078,7827.75,68864.0,3787.0,4048.3,3628.75,136034.16666666666,3522.6666666666665,5897.0,3035.9166666666665,4157.545454545455,16772.727272727272,14370.833333333334,18064.5,24942.083333333332,14436.818181818182,605.8299999999999,3348.214285714286,1971.1000000000001,20924.166666666668,77601.66666666667
38,2024-09-30 to 2024-10-06,74,51,145,3,96,159,71,124,52,108,12,37,244,166,190,30,159,16,513,162,64,1227,1249,853,119,22,2,15,417,137,196,495,218,1172,542,268,339,144,0,18,221,687,2540.284963621665,21611.032397408206,10.750595783684693,0.43714285714285717,16135.0,265135.45454545453,506.0285714285715,7832.333333333333,70447.5,3674.3333333333335,3954.0,3668.75,134558.33333333334,3562.3333333333335,5897.833333333333,2801.4545454545455,3930.8333333333335,17070.416666666668,14255.0,19429.5,24790.416666666668,15333.333333333334,599.7775,3165.0625,2184.5166666666664,20559.166666666668,78918.33333333333,16063.0,266730.0,540.6866666666666,7718.916666666667,69192.0,3717.6666666666665,4080.0,3599.8333333333335,134998.33333333334,3507.0,5754.0,3032.9166666666665,3971.5,16981.25,14280.416666666666,18805.0,24904.166666666668,14832.5,599.4925000000001,3290.6,1704.2166666666665,20675.416666666668,77385.83333333333,15759.444444444445,266748.0,539.7923076923078,7827.75,68864.0,3787.0,4048.3,3628.75,136034.16666666666,3522.6666666666665,5897.0,3035.9166666666665,4157.545454545455,16772.727272727272,14370.833333333334,18064.5,24942.083333333332,14436.818181818182,605.8299999999999,3348.214285714286,1971.1000000000001,20924.166666666668,77601.66666666667,15121.818181818182,257578.88888888888,516.5749999999999,8391.75,69145.0,3645.0,3854.1666666666665,3538.5833333333335,132886.66666666666,3400.1666666666665,5887.090909090909,2950.6666666666665,4308.583333333333,16884.5,14322.916666666666,18170.5,25029.166666666668,14509.583333333334,628.9775,3243.0,2278.4666666666667,20967.5,77852.5
39,2024-10-07 to 2024-10-13,88,42,114,8,73,134,75,146,54,0,7,33,182,195,146,67,146,21,408,148,90,1076,1101,849,60,3,0,17,282,123,200,492,151,893,618,236,256,156,0,7,192,727,2825.575562700965,21633.2343412527,11.012634671890304,0.517408274785324,16063.0,266730.0,540.6866666666666,7718.916666666667,69192.0,3717.6666666666665,4080.0,3599.8333333333335,134998.33333333334,3507.0,5754.0,3032.9166666666665,3971.5,16981.25,14280.416666666666,18805.0,24904.166666666668,14832.5,599.4925000000001,3290.6,1704.2166666666665,20675.416666666668,77385.83333333333,15759.444444444445,266748.0,539.7923076923078,7827.75,68864.0,3787.0,4048.3,3628.75,136034.16666666666,3522.6666666666665,5897.0,3035.9166666666665,4157.545454545455,16772.727272727272,14370.833333333334,18064.5,24942.083333333332,14436.818181818182,605.8299999999999,3348.214285714286,1971.1000000000001,20924.166666666668,77601.66666666667,15121.818181818182,257578.88888888888,516.5749999999999,8391.75,69145.0,3645.0,3854.1666666666665,3538.5833333333335,132886.66666666666,3400.1666666666665,5887.090909090909,2950.6666666666665,4308.583333333333,16884.5,14322.916666666666,18170.5,25029.166666666668,14509.583333333334,628.9775,3243.0,2278.4666666666667,20967.5,77852.5,14582.727272727272,256938.33333333334,513.9823529411765,8025.666666666667,67975.0,3687.0,3940.1666666666665,3575.0833333333335,125927.5,3433.8333333333335,5855.666666666667,3011.6153846153848,4387.333333333333,16915.0,14062.916666666666,17805.0,24392.083333333332,14341.25,632.9325,3305.125,2199.0285714285715,20816.25,76622.5
40,2024-10-14 to 2024-10-20,46,55,113,8,64,178,84,115,65,0,9,48,239,195,123,373,159,24,406,134,81,1248,1271,927,101,5,14,36,397,124,220,464,228,979,768,301,318,131,0,12,293,838,2618.0246422893483,20826.74365704287,11.23733660130719,0.6293434343434343,15759.444444444445,266748.0,539.7923076923078,7827.75,68864.0,3787.0,4048.3,3628.75,136034.16666666666,3522.6666666666665,5897.0,3035.9166666666665,4157.545454545455,16772.727272727272,14370.833333333334,18064.5,24942.083333333332,14436.818181818182,605.8299999999999,3348.214285714286,1971.1000000000001,20924.166666666668,77601.66666666667,15121.818181818182,257578.88888888888,516.5749999999999,8391.75,69145.0,3645.0,3854.1666666666665,3538.5833333333335,132886.66666666666,3400.1666666666665,5887.090909090909,2950.6666666666665,4308.583333333333,16884.5,14322.916666666666,18170.5,25029.166666666668,14509.583333333334,628.9775,3243.0,2278.4666666666667,20967.5,77852.5,14582.727272727272,256938.33333333334,513.9823529411765,8025.666666666667,67975.0,3687.0,3940.1666666666665,3575.0833333333335,125927.5,3433.8333333333335,5855.666666666667,3011.6153846153848,4387.333333333333,16915.0,14062.916666666666,17805.0,24392.083333333332,14341.25,632.9325,3305.125,2199.0285714285715,20816.25,76622.5,14352.5,263420.8333333333,519.6750000000001,8064.166666666667,68536.66666666667,3690.0,3912.7,3593.0,126634.16666666667,3462.4166666666665,5847.454545454545,2942.25,4249.916666666667,16942.083333333332,14055.0,17670.0,24668.75,14236.363636363636,628.9125,3304.866666666667,2245.8166666666666,20843.333333333332,77504.16666666667
41,2024-10-21 to 2024-10-27,72,53,118,7,55,112,87,121,71,624,17,67,193,200,122,391,148,23,1079,152,63,1876,1899,931,142,92,9,45,952,270,230,668,428,1911,932,451,326,131,2,5,332,856,1966.30023891691,19689.502928870294,10.721571648690293,0.5993861607142857,15121.818181818182,257578.88888888888,516.5749999999999,8391.75,69145.0,3645.0,3854.1666666666665,3538.5833333333335,132886.66666666666,3400.1666666666665,5887.090909090909,2950.6666666666665,4308.583333333333,16884.5,14322.916666666666,18170.5,25029.166666666668,14509.583333333334,628.9775,3243.0,2278.4666666666667,20967.5,77852.5,14582.727272727272,256938.33333333334,513.9823529411765,8025.666666666667,67975.0,3687.0,3940.1666666666665,3575.0833333333335,125927.5,3433.8333333333335,5855.666666666667,3011.6153846153848,4387.333333333333,16915.0,14062.916666666666,17805.0,24392.083333333332,14341.25,632.9325,3305.125,2199.0285714285715,20816.25,76622.5,14352.5,263420.8333333333,519.6750000000001,8064.166666666667,68536.66666666667,3690.0,3912.7,3593.0,126634.16666666667,3462.4166666666665,5847.454545454545,2942.25,4249.916666666667,16942.083333333332,14055.0,17670.0,24668.75,14236.363636363636,628.9125,3304.866666666667,2245.8166666666666,20843.333333333332,77504.16666666667,14047.5,261497.0,517.909090909091,7854.5,67905.0,3553.0,3919.0,3533.5833333333335,129740.0,3382.6666666666665,5805.5,3025.0,4486.166666666667,17013.75,13951.666666666666,18268.0,24525.833333333332,14690.90909090909,620.22,3395.6428571428573,2264.433333333333,21280.833333333332,76730.0
42,2024-10-28 to 2024-11-03,79,46,86,4,50,181,82,100,43,376,10,33,127,208,88,169,157,6,648,115,69,1319,1358,724,125,50,10,20,634,123,170,555,261,1391,643,286,232,109,0,5,174,620,2212.4049401197603,22754.886107634542,10.852812202097235,0.41590909090909095,14582.727272727272,256938.33333333334,513.9823529411765,8025.666666666667,67975.0,3687.0,3940.1666666666665,3575.0833333333335,125927.5,3433.8333333333335,5855.666666666667,3011.6153846153848,4387.333333333333,16915.0,14062.916666666666,17805.0,24392.083333333332,14341.25,632.9325,3305.125,2199.0285714285715,20816.25,76622.5,14352.5,263420.8333333333,519.6750000000001,8064.166666666667,68536.66666666667,3690.0,3912.7,3593.0,126634.16666666667,3462.4166666666665,5847.454545454545,2942.25,4249.916666666667,16942.083333333332,14055.0,17670.0,24668.75,14236.363636363636,628.9125,3304.866666666667,2245.8166666666666,20843.333333333332,77504.16666666667,14047.5,261497.0,517.909090909091,7854.5,67905.0,3553.0,3919.0,3533.5833333333335,129740.0,3382.6666666666665,5805.5,3025.0,4486.166666666667,17013.75,13951.666666666666,18268.0,24525.833333333332,14690.90909090909,620.22,3395.6428571428573,2264.433333333333,21280.833333333332,76730.0,13400.833333333334,243032.0,508.3454545454546,7729.583333333333,65323.333333333336,3579.0,3827.6,3508.0,126576.36363636363,3340.0,5938.363636363636,2919.5833333333335,4340.083333333333,16809.090909090908,13772.916666666666,17624.0,24006.666666666668,14006.0,606.0350000000001,3333.4615384615386,2380.0333333333333,20527.916666666668,74052.5
43,2024-11-04 to 2024-11-10,67,36,134,4,67,134,80,116,36,0,11,48,249,276,209,0,193,21,416,151,67,1146,1169,820,149,44,22,16,262,99,178,570,151,1026,591,234,350,103,0,14,234,675,2634.1821722198183,21809.74647887324,10.849058295964126,0.49621598639455783,14352.5,263420.8333333333,519.6750000000001,8064.166666666667,68536.66666666667,3690.0,3912.7,3593.0,126634.16666666667,3462.4166666666665,5847.454545454545,2942.25,4249.916666666667,16942.083333333332,14055.0,17670.0,24668.75,14236.363636363636,628.9125,3304.866666666667,2245.8166666666666,20843.333333333332,77504.16666666667,14047.5,261497.0,517.909090909091,7854.5,67905.0,3553.0,3919.0,3533.5833333333335,129740.0,3382.6666666666665,5805.5,3025.0,4486.166666666667,17013.75,13951.666666666666,18268.0,24525.833333333332,14690.90909090909,620.22,3395.6428571428573,2264.433333333333,21280.833333333332,76730.0,13400.833333333334,243032.0,508.3454545454546,7729.583333333333,65323.333333333336,3579.0,3827.6,3508.0,126576.36363636363,3340.0,5938.363636363636,2919.5833333333335,4340.083333333333,16809.090909090908,13772.916666666666,17624.0,24006.666666666668,14006.0,606.0350000000001,3333.4615384615386,2380.0333333333333,20527.916666666668,74052.5,13016.875,243232.5,526.6583333333334,7702.166666666667,65763.33333333333,3598.0,3946.3333333333335,3502.2727272727275,128676.66666666667,3355.5,5872.0,3046.6666666666665,4421.166666666667,17228.333333333332,13634.545454545454,17682.5,24468.75,14227.777777777777,622.3075000000001,3423.6153846153848,2251.9166666666665,20655.833333333332,74347.5
44,2024-11-11 to 2024-11-17,73,66,181,4,57,124,72,152,54,0,13,50,260,263,269,205,164,8,550,120,72,1378,1379,947,155,56,50,16,328,139,162,677,214,1101,712,283,516,121,0,19,285,759,2451.978498542274,19372.295390404517,10.393768996960487,0.4460282574568289,14047.5,261497.0,517.909090909091,7854.5,67905.0,3553.0,3919.0,3533.5833333333335,129740.0,3382.6666666666665,5805.5,3025.0,4486.166666666667,17013.75,13951.666666666666,18268.0,24525.833333333332,14690.90909090909,620.22,3395.6428571428573,2264.433333333333,21280.833333333332,76730.0,13400.833333333334,243032.0,508.3454545454546,7729.583333333333,65323.333333333336,3579.0,3827.6,3508.0,126576.36363636363,3340.0,5938.363636363636,2919.5833333333335,4340.083333333333,16809.090909090908,13772.916666666666,17624.0,24006.666666666668,14006.0,606.0350000000001,3333.4615384615386,2380.0333333333333,20527.916666666668,74052.5,13016.875,243232.5,526.6583333333334,7702.166666666667,65763.33333333333,3598.0,3946.3333333333335,3502.2727272727275,128676.66666666667,3355.5,5872.0,3046.6666666666665,4421.166666666667,17228.333333333332,13634.545454545454,17682.5,24468.75,14227.777777777777,622.3075000000001,3423.6153846153848,2251.9166666666665,20655.833333333332,74347.5,13610.0,242317.0,518.4545454545455,7639.416666666667,65056.666666666664,3664.5,3828.2727272727275,3549.5454545454545,127040.90909090909,3395.4166666666665,5940.909090909091,3052.0833333333335,4416.083333333333,17582.272727272728,13381.25,18266.0,25118.333333333332,14947.727272727272,616.4649999999999,3472.5,2341.266666666667,20458.75,73912.5
45,2024-11-18 to 2024-11-24,78,52,243,8,60,154,68,143,64,225,4,65,236,282,279,420,212,11,693,133,67,1736,1761,1074,200,75,51,31,660,177,195,680,340,1365,892,364,654,184,0,13,409,834,2358.6063738156763,18996.255573248407,10.310240963855422,0.5329059829059829,13400.833333333334,243032.0,508.3454545454546,7729.583333333333,65323.333333333336,3579.0,3827.6,3508.0,126576.36363636363,3340.0,5938.363636363636,2919.5833333333335,4340.083333333333,16809.090909090908,13772.916666666666,17624.0,24006.666666666668,14006.0,606.0350000000001,3333.4615384615386,2380.0333333333333,20527.916666666668,74052.5,13016.875,243232.5,526.6583333333334,7702.166666666667,65763.33333333333,3598.0,3946.3333333333335,3502.2727272727275,128676.66666666667,3355.5,5872.0,3046.6666666666665,4421.166666666667,17228.333333333332,13634.545454545454,17682.5,24468.75,14227.777777777777,622.3075000000001,3423.6153846153848,2251.9166666666665,20655.833333333332,74347.5,13610.0,242317.0,518.4545454545455,7639.416666666667,65056.666666666664,3664.5,3828.2727272727275,3549.5454545454545,127040.90909090909,3395.4166666666665,5940.909090909091,3052.0833333333335,4416.083333333333,17582.272727272728,13381.25,18266.0,25118.333333333332,14947.727272727272,616.4649999999999,3472.5,2341.266666666667,20458.75,73912.5,13507.222222222223,244878.75,517.3875,7836.833333333333,66166.66666666667,3594.6666666666665,3757.0,3483.5,128391.66666666667,3323.6666666666665,5863.8,2943.3333333333335,4209.333333333333,17619.166666666668,13315.416666666666,18754.5,25217.916666666668,15397.5,621.8725000000001,3486.6,2103.1833333333334,20417.916666666668,74865.83333333333
46,2024-11-25 to 2024-12-01,75,48,158,6,50,142,56,140,56,776,13,43,237,290,245,375,163,18,1305,152,83,2190,2241,1004,215,153,26,24,1271,290,210,735,498,2327,981,376,559,162,0,13,341,809,1899.7284229552643,19586.857265692175,10.540773067331672,0.4712018140589569,13016.875,243232.5,526.6583333333334,7702.166666666667,65763.33333333333,3598.0,3946.3333333333335,3502.2727272727275,128676.66666666667,3355.5,5872.0,3046.6666666666665,4421.166666666667,17228.333333333332,13634.545454545454,17682.5,24468.75,14227.777777777777,622.3075000000001,3423.6153846153848,2251.9166666666665,20655.833333333332,74347.5,13610.0,242317.0,518.4545454545455,7639.416666666667,65056.666666666664,3664.5,3828.2727272727275,3549.5454545454545,127040.90909090909,3395.4166666666665,5940.909090909091,3052.0833333333335,4416.083333333333,17582.272727272728,13381.25,18266.0,25118.333333333332,14947.727272727272,616.4649999999999,3472.5,2341.266666666667,20458.75,73912.5,13507.222222222223,244878.75,517.3875,7836.833333333333,66166.66666666667,3594.6666666666665,3757.0,3483.5,128391.66666666667,3323.6666666666665,5863.8,2943.3333333333335,4209.333333333333,17619.166666666668,13315.416666666666,18754.5,25217.916666666668,15397.5,621.8725000000001,3486.6,2103.1833333333334,20417.916666666668,74865.83333333333,13687.272727272728,246384.0,532.7153846153847,7776.5,65750.0,3594.0,3869.7272727272725,3486.5833333333335,128024.16666666667,3357.4545454545455,5812.5,3098.6666666666665,4144.416666666667,17491.0,13274.545454545454,18530.0,25318.333333333332,15267.272727272728,622.5625,3506.4166666666665,2084.266666666667,20295.833333333332,74645.0
47,2024-12-02 to 2024-12-08,133,49,162,9,68,177,51,126,49,0,14,52,244,210,226,0,176,12,265,161,81,1125,1140,821,166,53,5,10,340,131,156,429,151,926,565,200,439,124,0,25,178,698,2480.4389920424405,19313.279689234183,10.579076620825147,0.5658134920634921,13610.0,242317.0,518.4545454545455,7639.416666666667,65056.666666666664,3664.5,3828.2727272727275,3549.5454545454545,127040.90909090909,3395.4166666666665,5940.909090909091,3052.0833333333335,4416.083333333333,17582.272727272728,13381.25,18266.0,25118.333333333332,14947.727272727272,616.4649999999999,3472.5,2341.266666666667,20458.75,73912.5,13507.222222222223,244878.75,517.3875,7836.833333333333,66166.66666666667,3594.6666666666665,3757.0,3483.5,128391.66666666667,3323.6666666666665,5863.8,2943.3333333333335,4209.333333333333,17619.166666666668,13315.416666666666,18754.5,25217.916666666668,15397.5,621.8725000000001,3486.6,2103.1833333333334,20417.916666666668,74865.83333333333,13687.272727272728,246384.0,532.7153846153847,7776.5,65750.0,3594.0,3869.7272727272725,3486.5833333333335,128024.16666666667,3357.4545454545455,5812.5,3098.6666666666665,4144.416666666667,17491.0,13274.545454545454,18530.0,25318.333333333332,15267.272727272728,622.5625,3506.4166666666665,2084.266666666667,20295.833333333332,74645.0,13548.888888888889,245258.88888888888,529.93,7632.333333333333,65660.0,3563.0,3879.4545454545455,3425.8,126625.83333333333,3292.75,5815.333333333333,3115.75,3933.5,17538.75,13390.833333333334,17568.0,24723.75,14508.181818181818,622.9399999999999,3484.75,2064.983333333333,20042.916666666668,74322.5
48,2024-12-09 to 2024-12-15,161,50,180,6,82,140,64,151,60,0,10,36,211,211,282,179,201,11,503,175,58,1365,1406,896,242,82,6,18,429,148,185,583,180,1071,640,263,607,175,0,12,250,846,2413.563019140484,20390.96409335727,10.88034118602762,0.6762735326688816,13507.222222222223,244878.75,517.3875,7836.833333333333,66166.66666666667,3594.6666666666665,3757.0,3483.5,128391.66666666667,3323.6666666666665,5863.8,2943.3333333333335,4209.333333333333,17619.166666666668,13315.416666666666,18754.5,25217.916666666668,15397.5,621.8725000000001,3486.6,2103.1833333333334,20417.916666666668,74865.83333333333,13687.272727272728,246384.0,532.7153846153847,7776.5,65750.0,3594.0,3869.7272727272725,3486.5833333333335,128024.16666666667,3357.4545454545455,5812.5,3098.6666666666665,4144.416666666667,17491.0,13274.545454545454,18530.0,25318.333333333332,15267.272727272728,622.5625,3506.4166666666665,2084.266666666667,20295.833333333332,74645.0,13548.888888888889,245258.88888888888,529.93,7632.333333333333,65660.0,3563.0,3879.4545454545455,3425.8,126625.83333333333,3292.75,5815.333333333333,3115.75,3933.5,17538.75,13390.833333333334,17568.0,24723.75,14508.181818181818,622.9399999999999,3484.75,2064.983333333333,20042.916666666668,74322.5,,,,,,,,,,,,,,,,,,,,,,,
49,2024-12-16 to 2024-12-22,166,65,179,9,64,175,64,123,61,163,10,63,222,202,220,374,245,15,651,193,73,1672,1665,1022,223,52,35,31,598,185,189,696,299,1439,775,383,564,154,0,6,331,861,2214.1204204204205,18721.59933222037,10.771364653243847,0.5933181510151954,13687.272727272728,246384.0,532.7153846153847,7776.5,65750.0,3594.0,3869.7272727272725,3486.5833333333335,128024.16666666667,3357.4545454545455,5812.5,3098.6666666666665,4144.416666666667,17491.0,13274.545454545454,18530.0,25318.333333333332,15267.272727272728,622.5625,3506.4166666666665,2084.266666666667,20295.833333333332,74645.0,13548.888888888889,245258.88888888888,529.93,7632.333333333333,65660.0,3563.0,3879.4545454545455,3425.8,126625.83333333333,3292.75,5815.333333333333,3115.75,3933.5,17538.75,13390.833333333334,17568.0,24723.75,14508.181818181818,622.9399999999999,3484.75,2064.983333333333,20042.916666666668,74322.5,,,,,,,,,,,,,,,,,,,,,,,,,,,,,,,,,,,,,,,,,,,,,,
50,2024-12-23 to 2024-12-29,150,54,145,9,56,109,50,111,45,742,8,30,181,160,228,385,169,14,1458,199,85,2182,2206,976,251,52,11,20,1390,375,202,750,358,2358,771,556,518,165,0,13,321,866,1879.8285062713796,20184.67387687188,10.970713760117734,0.37278325123152706,13548.888888888889,245258.88888888888,529.93,7632.333333333333,65660.0,3563.0,3879.4545454545455,3425.8,126625.83333333333,3292.75,5815.333333333333,3115.75,3933.5,17538.75,13390.833333333334,17568.0,24723.75,14508.181818181818,622.9399999999999,3484.75,2064.983333333333,20042.916666666668,74322.5,,,,,,,,,,,,,,,,,,,,,,,,,,,,,,,,,,,,,,,,,,,,,,,,,,,,,,,,,,,,,,,,,,,,,
